drugbank_id,interactant_id,polypeptide_id,synonym
DB00023,BE0000537,P05543,Serpin A7
DB00023,BE0000537,P05543,T4-binding globulin
DB00023,BE0000537,P05543,TBG
DB00059,BE0000537,P05543,Serpin A7
DB00059,BE0000537,P05543,T4-binding globulin
DB00059,BE0000537,P05543,TBG
DB00080,BE0000925,P02763,AGP 1
DB00080,BE0000925,P02763,AGP1
DB00080,BE0000925,P02763,OMD 1
DB00080,BE0000925,P02763,Orosomucoid-1
DB00080,BE0000952,P01009,AAT
DB00080,BE0000952,P01009,Alpha-1 protease inhibitor
DB00080,BE0000952,P01009,Alpha-1-antiproteinase
DB00080,BE0000952,P01009,PI
DB00080,BE0000952,P01009,Serpin A1
DB00080,BE0000499,P01130,LDL receptor
DB00080,BE0000685,P04278,ABP
DB00080,BE0000685,P04278,SBP
DB00080,BE0000685,P04278,Sex steroid-binding protein
DB00080,BE0000685,P04278,SHBG
DB00080,BE0000685,P04278,TeBG
DB00080,BE0000685,P04278,Testis-specific androgen-binding protein
DB00080,BE0000685,P04278,Testosterone-estradiol-binding globulin
DB00080,BE0000685,P04278,Testosterone-estrogen-binding globulin
DB00080,BE0009909,P02790,Beta-1B-glycoprotein
DB00107,BE0000751,P01178,OT
DB00107,BE0000751,P01178,OT-NPI
DB00132,BE0001821,O15540,B-FABP
DB00132,BE0001821,O15540,BLBP
DB00132,BE0001821,O15540,Brain lipid-binding protein
DB00132,BE0001821,O15540,Brain-type fatty acid-binding protein
DB00132,BE0001821,O15540,FABPB
DB00132,BE0001821,O15540,Fatty acid-binding protein 7
DB00132,BE0001821,O15540,Mammary-derived growth inhibitor related
DB00132,BE0001821,O15540,MRG
DB00136,BE0001141,P02774,DBP
DB00136,BE0001141,P02774,DBP-maf
DB00136,BE0001141,P02774,Gc
DB00136,BE0001141,P02774,Gc protein-derived macrophage activating factor
DB00136,BE0001141,P02774,Gc-globulin
DB00136,BE0001141,P02774,Gc-MAF
DB00136,BE0001141,P02774,GcMAF
DB00136,BE0001141,P02774,Group-specific component
DB00136,BE0001141,P02774,VDB
DB00136,BE0001141,P02774,Vitamin D-binding protein-macrophage activating factor
DB00153,BE0001141,P02774,DBP
DB00153,BE0001141,P02774,DBP-maf
DB00153,BE0001141,P02774,Gc
DB00153,BE0001141,P02774,Gc protein-derived macrophage activating factor
DB00153,BE0001141,P02774,Gc-globulin
DB00153,BE0001141,P02774,Gc-MAF
DB00153,BE0001141,P02774,GcMAF
DB00153,BE0001141,P02774,Group-specific component
DB00153,BE0001141,P02774,VDB
DB00153,BE0001141,P02774,Vitamin D-binding protein-macrophage activating factor
DB00154,BE0001821,O15540,B-FABP
DB00154,BE0001821,O15540,BLBP
DB00154,BE0001821,O15540,Brain lipid-binding protein
DB00154,BE0001821,O15540,Brain-type fatty acid-binding protein
DB00154,BE0001821,O15540,FABPB
DB00154,BE0001821,O15540,Fatty acid-binding protein 7
DB00154,BE0001821,O15540,Mammary-derived growth inhibitor related
DB00154,BE0001821,O15540,MRG
DB00162,BE0000786,P12271,Cellular retinaldehyde-binding protein
DB00162,BE0000786,P12271,CRALBP
DB00162,BE0000255,P10745,Interphotoreceptor retinoid-binding protein
DB00162,BE0000255,P10745,Interstitial retinol-binding protein
DB00162,BE0000255,P10745,IRBP
DB00162,BE0000301,P09455,Cellular retinol-binding protein
DB00162,BE0000301,P09455,Cellular retinol-binding protein I
DB00162,BE0000301,P09455,CRBP
DB00162,BE0000301,P09455,CRBP-I
DB00162,BE0000301,P09455,CRBP1
DB00162,BE0000682,P82980,Cellular retinol-binding protein III
DB00162,BE0000682,P82980,CRBP-III
DB00162,BE0000682,P82980,HRBPiso
DB00162,BE0000532,Q96R05,Cellular retinoic acid-binding protein 4
DB00162,BE0000532,Q96R05,Cellular retinoic acid-binding protein IV
DB00162,BE0000532,Q96R05,CRABP-IV
DB00162,BE0000532,Q96R05,CRABP4
DB00162,BE0000532,Q96R05,CRBP4
DB00162,BE0000314,P02753,Plasma retinol-binding protein
DB00162,BE0000314,P02753,PRBP
DB00162,BE0000314,P02753,RBP
DB00162,BE0000505,P50120,Cellular retinol-binding protein II
DB00162,BE0000505,P50120,CRBP-II
DB00162,BE0000505,P50120,CRBP2
DB00163,BE0000256,O76054,Alpha-tocopherol-associated protein
DB00163,BE0000256,O76054,C22orf6
DB00163,BE0000256,O76054,hTAP
DB00163,BE0000256,O76054,KIAA1186
DB00163,BE0000256,O76054,KIAA1658
DB00163,BE0000256,O76054,SPF
DB00163,BE0000256,O76054,Squalene transfer protein
DB00163,BE0000256,O76054,Supernatant protein factor
DB00163,BE0000256,O76054,TAP
DB00163,BE0000339,Q9UDX4,TAP2
DB00163,BE0000339,Q9UDX4,Tocopherol-associated protein 2
DB00163,BE0009656,P55058,Lipid transfer protein II
DB00163,BE0000643,P49638,Alpha-TTP
DB00163,BE0000643,P49638,TPP1
DB00169,BE0001141,P02774,DBP
DB00169,BE0001141,P02774,DBP-maf
DB00169,BE0001141,P02774,Gc
DB00169,BE0001141,P02774,Gc protein-derived macrophage activating factor
DB00169,BE0001141,P02774,Gc-globulin
DB00169,BE0001141,P02774,Gc-MAF
DB00169,BE0001141,P02774,GcMAF
DB00169,BE0001141,P02774,Group-specific component
DB00169,BE0001141,P02774,VDB
DB00169,BE0001141,P02774,Vitamin D-binding protein-macrophage activating factor
DB00180,BE0000209,P08185,CBG
DB00180,BE0000209,P08185,Serpin A6
DB00180,BE0000209,P08185,Transcortin
DB00200,BE0000362,P20062,TC II
DB00200,BE0000362,P20062,TC-2
DB00200,BE0000362,P20062,TC2
DB00200,BE0000362,P20062,TCII
DB00200,BE0000362,P20062,Transcobalamin II
DB00220,BE0000925,P02763,AGP 1
DB00220,BE0000925,P02763,AGP1
DB00220,BE0000925,P02763,OMD 1
DB00220,BE0000925,P02763,Orosomucoid-1
DB00240,BE0000209,P08185,CBG
DB00240,BE0000209,P08185,Serpin A6
DB00240,BE0000209,P08185,Transcortin
DB00243,BE0000925,P02763,AGP 1
DB00243,BE0000925,P02763,AGP1
DB00243,BE0000925,P02763,OMD 1
DB00243,BE0000925,P02763,Orosomucoid-1
DB00246,BE0000925,P02763,AGP 1
DB00246,BE0000925,P02763,AGP1
DB00246,BE0000925,P02763,OMD 1
DB00246,BE0000925,P02763,Orosomucoid-1
DB00252,BE0000537,P05543,Serpin A7
DB00252,BE0000537,P05543,T4-binding globulin
DB00252,BE0000537,P05543,TBG
DB00253,BE0000209,P08185,CBG
DB00253,BE0000209,P08185,Serpin A6
DB00253,BE0000209,P08185,Transcortin
DB00255,BE0000337,P02766,ATTR
DB00255,BE0000337,P02766,PALB
DB00255,BE0000337,P02766,Prealbumin
DB00255,BE0000337,P02766,TBPA
DB00278,BE0004879,P02763,AGP 1
DB00278,BE0004879,P02763,AGP1
DB00278,BE0004879,P02763,OMD 1
DB00278,BE0004879,P02763,Orosomucoid-1
DB00278,BE0004879,P19652,AGP 2
DB00278,BE0004879,P19652,AGP2
DB00278,BE0004879,P19652,OMD 2
DB00278,BE0004879,P19652,Orosomucoid-2
DB00279,BE0000337,P02766,ATTR
DB00279,BE0000337,P02766,PALB
DB00279,BE0000337,P02766,Prealbumin
DB00279,BE0000337,P02766,TBPA
DB00279,BE0000537,P05543,Serpin A7
DB00279,BE0000537,P05543,T4-binding globulin
DB00279,BE0000537,P05543,TBG
DB00280,BE0000925,P02763,AGP 1
DB00280,BE0000925,P02763,AGP1
DB00280,BE0000925,P02763,OMD 1
DB00280,BE0000925,P02763,Orosomucoid-1
DB00286,BE0000537,P05543,Serpin A7
DB00286,BE0000537,P05543,T4-binding globulin
DB00286,BE0000537,P05543,TBG
DB00286,BE0000685,P04278,ABP
DB00286,BE0000685,P04278,SBP
DB00286,BE0000685,P04278,Sex steroid-binding protein
DB00286,BE0000685,P04278,SHBG
DB00286,BE0000685,P04278,TeBG
DB00286,BE0000685,P04278,Testis-specific androgen-binding protein
DB00286,BE0000685,P04278,Testosterone-estradiol-binding globulin
DB00286,BE0000685,P04278,Testosterone-estrogen-binding globulin
DB00289,BE0004879,P02763,AGP 1
DB00289,BE0004879,P02763,AGP1
DB00289,BE0004879,P02763,OMD 1
DB00289,BE0004879,P02763,Orosomucoid-1
DB00289,BE0004879,P19652,AGP 2
DB00289,BE0004879,P19652,AGP2
DB00289,BE0004879,P19652,OMD 2
DB00289,BE0004879,P19652,Orosomucoid-2
DB00289,BE0000710,P12314,Fc-gamma RI
DB00289,BE0000710,P12314,Fc-gamma RIA
DB00289,BE0000710,P12314,FCG1
DB00289,BE0000710,P12314,FcgammaRIa
DB00289,BE0000710,P12314,FCGR1
DB00289,BE0000710,P12314,FcRI
DB00289,BE0000710,P12314,IGFR1
DB00289,BE0000710,P12314,IgG Fc receptor I
DB00292,BE0001057,P11166,"Glucose transporter type 1, erythrocyte/brain"
DB00292,BE0001057,P11166,GLUT-1
DB00292,BE0001057,P11166,GLUT1
DB00292,BE0001057,P11166,HepG2 glucose transporter
DB00294,BE0000685,P04278,ABP
DB00294,BE0000685,P04278,SBP
DB00294,BE0000685,P04278,Sex steroid-binding protein
DB00294,BE0000685,P04278,SHBG
DB00294,BE0000685,P04278,TeBG
DB00294,BE0000685,P04278,Testis-specific androgen-binding protein
DB00294,BE0000685,P04278,Testosterone-estradiol-binding globulin
DB00294,BE0000685,P04278,Testosterone-estrogen-binding globulin
DB00296,BE0000925,P02763,AGP 1
DB00296,BE0000925,P02763,AGP1
DB00296,BE0000925,P02763,OMD 1
DB00296,BE0000925,P02763,Orosomucoid-1
DB00304,BE0000685,P04278,ABP
DB00304,BE0000685,P04278,SBP
DB00304,BE0000685,P04278,Sex steroid-binding protein
DB00304,BE0000685,P04278,SHBG
DB00304,BE0000685,P04278,TeBG
DB00304,BE0000685,P04278,Testis-specific androgen-binding protein
DB00304,BE0000685,P04278,Testosterone-estradiol-binding globulin
DB00304,BE0000685,P04278,Testosterone-estrogen-binding globulin
DB00317,BE0000925,P02763,AGP 1
DB00317,BE0000925,P02763,AGP1
DB00317,BE0000925,P02763,OMD 1
DB00317,BE0000925,P02763,Orosomucoid-1
DB00321,BE0000925,P02763,AGP 1
DB00321,BE0000925,P02763,AGP1
DB00321,BE0000925,P02763,OMD 1
DB00321,BE0000925,P02763,Orosomucoid-1
DB00322,BE0000537,P05543,Serpin A7
DB00322,BE0000537,P05543,T4-binding globulin
DB00322,BE0000537,P05543,TBG
DB00324,BE0000209,P08185,CBG
DB00324,BE0000209,P08185,Serpin A6
DB00324,BE0000209,P08185,Transcortin
DB00332,BE0004879,P02763,AGP 1
DB00332,BE0004879,P02763,AGP1
DB00332,BE0004879,P02763,OMD 1
DB00332,BE0004879,P02763,Orosomucoid-1
DB00332,BE0004879,P19652,AGP 2
DB00332,BE0004879,P19652,AGP2
DB00332,BE0004879,P19652,OMD 2
DB00332,BE0004879,P19652,Orosomucoid-2
DB00333,BE0000925,P02763,AGP 1
DB00333,BE0000925,P02763,AGP1
DB00333,BE0000925,P02763,OMD 1
DB00333,BE0000925,P02763,Orosomucoid-1
DB00334,BE0000925,P02763,AGP 1
DB00334,BE0000925,P02763,AGP1
DB00334,BE0000925,P02763,OMD 1
DB00334,BE0000925,P02763,Orosomucoid-1
DB00342,BE0004879,P02763,AGP 1
DB00342,BE0004879,P02763,AGP1
DB00342,BE0004879,P02763,OMD 1
DB00342,BE0004879,P02763,Orosomucoid-1
DB00342,BE0004879,P19652,AGP 2
DB00342,BE0004879,P19652,AGP2
DB00342,BE0004879,P19652,OMD 2
DB00342,BE0004879,P19652,Orosomucoid-2
DB00343,BE0000925,P02763,AGP 1
DB00343,BE0000925,P02763,AGP1
DB00343,BE0000925,P02763,OMD 1
DB00343,BE0000925,P02763,Orosomucoid-1
DB00346,BE0000925,P02763,AGP 1
DB00346,BE0000925,P02763,AGP1
DB00346,BE0000925,P02763,OMD 1
DB00346,BE0000925,P02763,Orosomucoid-1
DB00349,BE0000925,P02763,AGP 1
DB00349,BE0000925,P02763,AGP1
DB00349,BE0000925,P02763,OMD 1
DB00349,BE0000925,P02763,Orosomucoid-1
DB00363,BE0000925,P02763,AGP 1
DB00363,BE0000925,P02763,AGP1
DB00363,BE0000925,P02763,OMD 1
DB00363,BE0000925,P02763,Orosomucoid-1
DB00394,BE0000209,P08185,CBG
DB00394,BE0000209,P08185,Serpin A6
DB00394,BE0000209,P08185,Transcortin
DB00404,BE0004879,P02763,AGP 1
DB00404,BE0004879,P02763,AGP1
DB00404,BE0004879,P02763,OMD 1
DB00404,BE0004879,P02763,Orosomucoid-1
DB00404,BE0004879,P19652,AGP 2
DB00404,BE0004879,P19652,AGP2
DB00404,BE0004879,P19652,OMD 2
DB00404,BE0004879,P19652,Orosomucoid-2
DB00409,BE0004879,P02763,AGP 1
DB00409,BE0004879,P02763,AGP1
DB00409,BE0004879,P02763,OMD 1
DB00409,BE0004879,P02763,Orosomucoid-1
DB00409,BE0004879,P19652,AGP 2
DB00409,BE0004879,P19652,AGP2
DB00409,BE0004879,P19652,OMD 2
DB00409,BE0004879,P19652,Orosomucoid-2
DB00421,BE0004879,P02763,AGP 1
DB00421,BE0004879,P02763,AGP1
DB00421,BE0004879,P02763,OMD 1
DB00421,BE0004879,P02763,Orosomucoid-1
DB00421,BE0004879,P19652,AGP 2
DB00421,BE0004879,P19652,AGP2
DB00421,BE0004879,P19652,OMD 2
DB00421,BE0004879,P19652,Orosomucoid-2
DB00443,BE0000209,P08185,CBG
DB00443,BE0000209,P08185,Serpin A6
DB00443,BE0000209,P08185,Transcortin
DB00451,BE0000337,P02766,ATTR
DB00451,BE0000337,P02766,PALB
DB00451,BE0000337,P02766,Prealbumin
DB00451,BE0000337,P02766,TBPA
DB00451,BE0000537,P05543,Serpin A7
DB00451,BE0000537,P05543,T4-binding globulin
DB00451,BE0000537,P05543,TBG
DB00454,BE0000925,P02763,AGP 1
DB00454,BE0000925,P02763,AGP1
DB00454,BE0000925,P02763,OMD 1
DB00454,BE0000925,P02763,Orosomucoid-1
DB00457,BE0000925,P02763,AGP 1
DB00457,BE0000925,P02763,AGP1
DB00457,BE0000925,P02763,OMD 1
DB00457,BE0000925,P02763,Orosomucoid-1
DB00458,BE0000925,P02763,AGP 1
DB00458,BE0000925,P02763,AGP1
DB00458,BE0000925,P02763,OMD 1
DB00458,BE0000925,P02763,Orosomucoid-1
DB00460,BE0010065,P02647,Apo-AI
DB00460,BE0010065,P02647,ApoA-I
DB00460,BE0010065,P02647,Apolipoprotein A1
DB00460,BE0010065,P02652,Apo-AII
DB00460,BE0010065,P02652,ApoA-II
DB00460,BE0010065,P02652,Apolipoprotein A2
DB00460,BE0010065,P06727,Apo-AIV
DB00460,BE0010065,P06727,ApoA-IV
DB00460,BE0010065,P06727,Apolipoprotein A4
DB00460,BE0010065,P04114,Apo B-100
DB00460,BE0010065,P02655,APC2
DB00460,BE0010065,P02655,Apo-CII
DB00460,BE0010065,P02655,ApoC-II
DB00460,BE0010065,P02655,Apolipoprotein C2
DB00460,BE0010065,P02656,Apo-CIII
DB00460,BE0010065,P02656,ApoC-III
DB00460,BE0010065,P02656,Apolipoprotein C3
DB00460,BE0010065,P05090,Apo-D
DB00460,BE0010065,P05090,ApoD
DB00460,BE0010065,P02649,Apo-E
DB00460,BE0010065,O14791,Apo-L
DB00460,BE0010065,O14791,APOL
DB00460,BE0010065,O14791,ApoL-I
DB00460,BE0010065,O14791,Apolipoprotein L
DB00460,BE0010065,O14791,Apolipoprotein L-I
DB00460,BE0010065,O95445,Apo-M
DB00460,BE0010065,O95445,ApoM
DB00460,BE0010065,O95445,G3A
DB00460,BE0010065,O95445,NG20
DB00460,BE0010065,O95445,Protein G3a
DB00460,BE0010065,P08519,3.4.21.-
DB00460,BE0010065,P08519,Apo(a)
DB00460,BE0010065,P08519,Lp(a)
DB00472,BE0000925,P02763,AGP 1
DB00472,BE0000925,P02763,AGP1
DB00472,BE0000925,P02763,OMD 1
DB00472,BE0000925,P02763,Orosomucoid-1
DB00476,BE0004879,P02763,AGP 1
DB00476,BE0004879,P02763,AGP1
DB00476,BE0004879,P02763,OMD 1
DB00476,BE0004879,P02763,Orosomucoid-1
DB00476,BE0004879,P19652,AGP 2
DB00476,BE0004879,P19652,AGP2
DB00476,BE0004879,P19652,OMD 2
DB00476,BE0004879,P19652,Orosomucoid-2
DB00481,BE0000925,P02763,AGP 1
DB00481,BE0000925,P02763,AGP1
DB00481,BE0000925,P02763,OMD 1
DB00481,BE0000925,P02763,Orosomucoid-1
DB00490,BE0000925,P02763,AGP 1
DB00490,BE0000925,P02763,AGP1
DB00490,BE0000925,P02763,OMD 1
DB00490,BE0000925,P02763,Orosomucoid-1
DB00497,BE0004879,P02763,AGP 1
DB00497,BE0004879,P02763,AGP1
DB00497,BE0004879,P02763,OMD 1
DB00497,BE0004879,P02763,Orosomucoid-1
DB00497,BE0004879,P19652,AGP 2
DB00497,BE0004879,P19652,AGP2
DB00497,BE0004879,P19652,OMD 2
DB00497,BE0004879,P19652,Orosomucoid-2
DB00503,BE0000925,P02763,AGP 1
DB00503,BE0000925,P02763,AGP1
DB00503,BE0000925,P02763,OMD 1
DB00503,BE0000925,P02763,Orosomucoid-1
DB00512,BE0004879,P02763,AGP 1
DB00512,BE0004879,P02763,AGP1
DB00512,BE0004879,P02763,OMD 1
DB00512,BE0004879,P02763,Orosomucoid-1
DB00512,BE0004879,P19652,AGP 2
DB00512,BE0004879,P19652,AGP2
DB00512,BE0004879,P19652,OMD 2
DB00512,BE0004879,P19652,Orosomucoid-2
DB00512,BE0009144,P70174,Bphs
DB00512,BE0009144,P70174,H1R
DB00523,BE0000782,P29373,Cellular retinoic acid-binding protein II
DB00523,BE0000782,P29373,CRABP-II
DB00523,BE0000508,P29762,Cellular retinoic acid-binding protein I
DB00523,BE0000508,P29762,CRABP-I
DB00523,BE0000508,P29762,RBP5
DB00530,BE0000925,P02763,AGP 1
DB00530,BE0000925,P02763,AGP1
DB00530,BE0000925,P02763,OMD 1
DB00530,BE0000925,P02763,Orosomucoid-1
DB00532,BE0000537,P05543,Serpin A7
DB00532,BE0000537,P05543,T4-binding globulin
DB00532,BE0000537,P05543,TBG
DB00540,BE0000925,P02763,AGP 1
DB00540,BE0000925,P02763,AGP1
DB00540,BE0000925,P02763,OMD 1
DB00540,BE0000925,P02763,Orosomucoid-1
DB00543,BE0000925,P02763,AGP 1
DB00543,BE0000925,P02763,AGP1
DB00543,BE0000925,P02763,OMD 1
DB00543,BE0000925,P02763,Orosomucoid-1
DB00544,BE0000537,P05543,Serpin A7
DB00544,BE0000537,P05543,T4-binding globulin
DB00544,BE0000537,P05543,TBG
DB00571,BE0000925,P02763,AGP 1
DB00571,BE0000925,P02763,AGP1
DB00571,BE0000925,P02763,OMD 1
DB00571,BE0000925,P02763,Orosomucoid-1
DB00572,BE0000925,P02763,AGP 1
DB00572,BE0000925,P02763,AGP1
DB00572,BE0000925,P02763,OMD 1
DB00572,BE0000925,P02763,Orosomucoid-1
DB00586,BE0000337,P02766,ATTR
DB00586,BE0000337,P02766,PALB
DB00586,BE0000337,P02766,Prealbumin
DB00586,BE0000337,P02766,TBPA
DB00588,BE0001004,Q9Y6L6,Liver-specific organic anion transporter 1
DB00588,BE0001004,Q9Y6L6,LST-1
DB00588,BE0001004,Q9Y6L6,LST1
DB00588,BE0001004,Q9Y6L6,OATP-2
DB00588,BE0001004,Q9Y6L6,OATP-C
DB00588,BE0001004,Q9Y6L6,OATP1B1
DB00588,BE0001004,Q9Y6L6,OATP2
DB00588,BE0001004,Q9Y6L6,OATPC
DB00588,BE0001004,Q9Y6L6,Organic anion transporter SLC21A6
DB00588,BE0001004,Q9Y6L6,SLC21A6
DB00588,BE0001004,Q9Y6L6,SLCO1B1
DB00588,BE0001004,Q9Y6L6,Sodium-independent organic anion-transporting polypeptide 2
DB00588,BE0001004,Q9Y6L6,Solute carrier family 21 member 6
DB00588,BE0000209,P08185,CBG
DB00588,BE0000209,P08185,Serpin A6
DB00588,BE0000209,P08185,Transcortin
DB00591,BE0000209,P08185,CBG
DB00591,BE0000209,P08185,Serpin A6
DB00591,BE0000209,P08185,Transcortin
DB00596,BE0000209,P08185,CBG
DB00596,BE0000209,P08185,Serpin A6
DB00596,BE0000209,P08185,Transcortin
DB00598,BE0004879,P02763,AGP 1
DB00598,BE0004879,P02763,AGP1
DB00598,BE0004879,P02763,OMD 1
DB00598,BE0004879,P02763,Orosomucoid-1
DB00598,BE0004879,P19652,AGP 2
DB00598,BE0004879,P19652,AGP2
DB00598,BE0004879,P19652,OMD 2
DB00598,BE0004879,P19652,Orosomucoid-2
DB00608,BE0004879,P02763,AGP 1
DB00608,BE0004879,P02763,AGP1
DB00608,BE0004879,P02763,OMD 1
DB00608,BE0004879,P02763,Orosomucoid-1
DB00608,BE0004879,P19652,AGP 2
DB00608,BE0004879,P19652,AGP2
DB00608,BE0004879,P19652,OMD 2
DB00608,BE0004879,P19652,Orosomucoid-2
DB00619,BE0000925,P02763,AGP 1
DB00619,BE0000925,P02763,AGP1
DB00619,BE0000925,P02763,OMD 1
DB00619,BE0000925,P02763,Orosomucoid-1
DB00620,BE0000209,P08185,CBG
DB00620,BE0000209,P08185,Serpin A6
DB00620,BE0000209,P08185,Transcortin
DB00624,BE0000685,P04278,ABP
DB00624,BE0000685,P04278,SBP
DB00624,BE0000685,P04278,Sex steroid-binding protein
DB00624,BE0000685,P04278,SHBG
DB00624,BE0000685,P04278,TeBG
DB00624,BE0000685,P04278,Testis-specific androgen-binding protein
DB00624,BE0000685,P04278,Testosterone-estradiol-binding globulin
DB00624,BE0000685,P04278,Testosterone-estrogen-binding globulin
DB00627,BE0000537,P05543,Serpin A7
DB00627,BE0000537,P05543,T4-binding globulin
DB00627,BE0000537,P05543,TBG
DB00635,BE0000209,P08185,CBG
DB00635,BE0000209,P08185,Serpin A6
DB00635,BE0000209,P08185,Transcortin
DB00636,BE0000537,P05543,Serpin A7
DB00636,BE0000537,P05543,T4-binding globulin
DB00636,BE0000537,P05543,TBG
DB00648,BE0000537,P05543,Serpin A7
DB00648,BE0000537,P05543,T4-binding globulin
DB00648,BE0000537,P05543,TBG
DB00648,BE0000685,P04278,ABP
DB00648,BE0000685,P04278,SBP
DB00648,BE0000685,P04278,Sex steroid-binding protein
DB00648,BE0000685,P04278,SHBG
DB00648,BE0000685,P04278,TeBG
DB00648,BE0000685,P04278,Testis-specific androgen-binding protein
DB00648,BE0000685,P04278,Testosterone-estradiol-binding globulin
DB00648,BE0000685,P04278,Testosterone-estrogen-binding globulin
DB00648,BE0000209,P08185,CBG
DB00648,BE0000209,P08185,Serpin A6
DB00648,BE0000209,P08185,Transcortin
DB00661,BE0000925,P02763,AGP 1
DB00661,BE0000925,P02763,AGP1
DB00661,BE0000925,P02763,OMD 1
DB00661,BE0000925,P02763,Orosomucoid-1
DB00663,BE0000209,P08185,CBG
DB00663,BE0000209,P08185,Serpin A6
DB00663,BE0000209,P08185,Transcortin
DB00675,BE0000537,P05543,Serpin A7
DB00675,BE0000537,P05543,T4-binding globulin
DB00675,BE0000537,P05543,TBG
DB00682,BE0000925,P02763,AGP 1
DB00682,BE0000925,P02763,AGP1
DB00682,BE0000925,P02763,OMD 1
DB00682,BE0000925,P02763,Orosomucoid-1
DB00683,BE0000925,P02763,AGP 1
DB00683,BE0000925,P02763,AGP1
DB00683,BE0000925,P02763,OMD 1
DB00683,BE0000925,P02763,Orosomucoid-1
DB00687,BE0000209,P08185,CBG
DB00687,BE0000209,P08185,Serpin A6
DB00687,BE0000209,P08185,Transcortin
DB00695,BE0000537,P05543,Serpin A7
DB00695,BE0000537,P05543,T4-binding globulin
DB00695,BE0000537,P05543,TBG
DB00706,BE0000925,P02763,AGP 1
DB00706,BE0000925,P02763,AGP1
DB00706,BE0000925,P02763,OMD 1
DB00706,BE0000925,P02763,Orosomucoid-1
DB00717,BE0000685,P04278,ABP
DB00717,BE0000685,P04278,SBP
DB00717,BE0000685,P04278,Sex steroid-binding protein
DB00717,BE0000685,P04278,SHBG
DB00717,BE0000685,P04278,TeBG
DB00717,BE0000685,P04278,Testis-specific androgen-binding protein
DB00717,BE0000685,P04278,Testosterone-estradiol-binding globulin
DB00717,BE0000685,P04278,Testosterone-estrogen-binding globulin
DB00731,BE0000925,P02763,AGP 1
DB00731,BE0000925,P02763,AGP1
DB00731,BE0000925,P02763,OMD 1
DB00731,BE0000925,P02763,Orosomucoid-1
DB00734,BE0000925,P02763,AGP 1
DB00734,BE0000925,P02763,AGP1
DB00734,BE0000925,P02763,OMD 1
DB00734,BE0000925,P02763,Orosomucoid-1
DB00741,BE0000685,P04278,ABP
DB00741,BE0000685,P04278,SBP
DB00741,BE0000685,P04278,Sex steroid-binding protein
DB00741,BE0000685,P04278,SHBG
DB00741,BE0000685,P04278,TeBG
DB00741,BE0000685,P04278,Testis-specific androgen-binding protein
DB00741,BE0000685,P04278,Testosterone-estradiol-binding globulin
DB00741,BE0000685,P04278,Testosterone-estrogen-binding globulin
DB00741,BE0000209,P08185,CBG
DB00741,BE0000209,P08185,Serpin A6
DB00741,BE0000209,P08185,Transcortin
DB00748,BE0004879,P02763,AGP 1
DB00748,BE0004879,P02763,AGP1
DB00748,BE0004879,P02763,OMD 1
DB00748,BE0004879,P02763,Orosomucoid-1
DB00748,BE0004879,P19652,AGP 2
DB00748,BE0004879,P19652,AGP2
DB00748,BE0004879,P19652,OMD 2
DB00748,BE0004879,P19652,Orosomucoid-2
DB00754,BE0000537,P05543,Serpin A7
DB00754,BE0000537,P05543,T4-binding globulin
DB00754,BE0000537,P05543,TBG
DB00783,BE0000685,P04278,ABP
DB00783,BE0000685,P04278,SBP
DB00783,BE0000685,P04278,Sex steroid-binding protein
DB00783,BE0000685,P04278,SHBG
DB00783,BE0000685,P04278,TeBG
DB00783,BE0000685,P04278,Testis-specific androgen-binding protein
DB00783,BE0000685,P04278,Testosterone-estradiol-binding globulin
DB00783,BE0000685,P04278,Testosterone-estrogen-binding globulin
DB00783,BE0003591,P12104,FABPI
DB00783,BE0003591,P12104,Fatty acid-binding protein 2
DB00783,BE0003591,P12104,I-FABP
DB00783,BE0003591,P12104,Intestinal-type fatty acid-binding protein
DB00802,BE0000925,P02763,AGP 1
DB00802,BE0000925,P02763,AGP1
DB00802,BE0000925,P02763,OMD 1
DB00802,BE0000925,P02763,Orosomucoid-1
DB00808,BE0004879,P02763,AGP 1
DB00808,BE0004879,P02763,AGP1
DB00808,BE0004879,P02763,OMD 1
DB00808,BE0004879,P02763,Orosomucoid-1
DB00808,BE0004879,P19652,AGP 2
DB00808,BE0004879,P19652,AGP2
DB00808,BE0004879,P19652,OMD 2
DB00808,BE0004879,P19652,Orosomucoid-2
DB00813,BE0004879,P02763,AGP 1
DB00813,BE0004879,P02763,AGP1
DB00813,BE0004879,P02763,OMD 1
DB00813,BE0004879,P02763,Orosomucoid-1
DB00813,BE0004879,P19652,AGP 2
DB00813,BE0004879,P19652,AGP2
DB00813,BE0004879,P19652,OMD 2
DB00813,BE0004879,P19652,Orosomucoid-2
DB00846,BE0000209,P08185,CBG
DB00846,BE0000209,P08185,Serpin A6
DB00846,BE0000209,P08185,Transcortin
DB00853,BE0000925,P02763,AGP 1
DB00853,BE0000925,P02763,AGP1
DB00853,BE0000925,P02763,OMD 1
DB00853,BE0000925,P02763,Orosomucoid-1
DB00857,BE0004879,P02763,AGP 1
DB00857,BE0004879,P02763,AGP1
DB00857,BE0004879,P02763,OMD 1
DB00857,BE0004879,P02763,Orosomucoid-1
DB00857,BE0004879,P19652,AGP 2
DB00857,BE0004879,P19652,AGP2
DB00857,BE0004879,P19652,OMD 2
DB00857,BE0004879,P19652,Orosomucoid-2
DB00858,BE0000685,P04278,ABP
DB00858,BE0000685,P04278,SBP
DB00858,BE0000685,P04278,Sex steroid-binding protein
DB00858,BE0000685,P04278,SHBG
DB00858,BE0000685,P04278,TeBG
DB00858,BE0000685,P04278,Testis-specific androgen-binding protein
DB00858,BE0000685,P04278,Testosterone-estradiol-binding globulin
DB00858,BE0000685,P04278,Testosterone-estrogen-binding globulin
DB00860,BE0000209,P08185,CBG
DB00860,BE0000209,P08185,Serpin A6
DB00860,BE0000209,P08185,Transcortin
DB00861,BE0000337,P02766,ATTR
DB00861,BE0000337,P02766,PALB
DB00861,BE0000337,P02766,Prealbumin
DB00861,BE0000337,P02766,TBPA
DB00864,BE0000925,P02763,AGP 1
DB00864,BE0000925,P02763,AGP1
DB00864,BE0000925,P02763,OMD 1
DB00864,BE0000925,P02763,Orosomucoid-1
DB00877,BE0000925,P02763,AGP 1
DB00877,BE0000925,P02763,AGP1
DB00877,BE0000925,P02763,OMD 1
DB00877,BE0000925,P02763,Orosomucoid-1
DB00877,BE0010065,P02647,Apo-AI
DB00877,BE0010065,P02647,ApoA-I
DB00877,BE0010065,P02647,Apolipoprotein A1
DB00877,BE0010065,P02652,Apo-AII
DB00877,BE0010065,P02652,ApoA-II
DB00877,BE0010065,P02652,Apolipoprotein A2
DB00877,BE0010065,P06727,Apo-AIV
DB00877,BE0010065,P06727,ApoA-IV
DB00877,BE0010065,P06727,Apolipoprotein A4
DB00877,BE0010065,P04114,Apo B-100
DB00877,BE0010065,P02655,APC2
DB00877,BE0010065,P02655,Apo-CII
DB00877,BE0010065,P02655,ApoC-II
DB00877,BE0010065,P02655,Apolipoprotein C2
DB00877,BE0010065,P02656,Apo-CIII
DB00877,BE0010065,P02656,ApoC-III
DB00877,BE0010065,P02656,Apolipoprotein C3
DB00877,BE0010065,P05090,Apo-D
DB00877,BE0010065,P05090,ApoD
DB00877,BE0010065,P02649,Apo-E
DB00877,BE0010065,O14791,Apo-L
DB00877,BE0010065,O14791,APOL
DB00877,BE0010065,O14791,ApoL-I
DB00877,BE0010065,O14791,Apolipoprotein L
DB00877,BE0010065,O14791,Apolipoprotein L-I
DB00877,BE0010065,O95445,Apo-M
DB00877,BE0010065,O95445,ApoM
DB00877,BE0010065,O95445,G3A
DB00877,BE0010065,O95445,NG20
DB00877,BE0010065,O95445,Protein G3a
DB00877,BE0010065,P08519,3.4.21.-
DB00877,BE0010065,P08519,Apo(a)
DB00877,BE0010065,P08519,Lp(a)
DB00893,BE0000510,P02787,Beta-1 metal-binding globulin
DB00893,BE0000510,P02787,Siderophilin
DB00893,BE0000510,P02787,Transferrin
DB00896,BE0000209,P08185,CBG
DB00896,BE0000209,P08185,Serpin A6
DB00896,BE0000209,P08185,Transcortin
DB00907,BE0004879,P02763,AGP 1
DB00907,BE0004879,P02763,AGP1
DB00907,BE0004879,P02763,OMD 1
DB00907,BE0004879,P02763,Orosomucoid-1
DB00907,BE0004879,P19652,AGP 2
DB00907,BE0004879,P19652,AGP2
DB00907,BE0004879,P19652,OMD 2
DB00907,BE0004879,P19652,Orosomucoid-2
DB00908,BE0000925,P02763,AGP 1
DB00908,BE0000925,P02763,AGP1
DB00908,BE0000925,P02763,OMD 1
DB00908,BE0000925,P02763,Orosomucoid-1
DB00926,BE0000508,P29762,Cellular retinoic acid-binding protein I
DB00926,BE0000508,P29762,CRABP-I
DB00926,BE0000508,P29762,RBP5
DB00934,BE0000925,P02763,AGP 1
DB00934,BE0000925,P02763,AGP1
DB00934,BE0000925,P02763,OMD 1
DB00934,BE0000925,P02763,Orosomucoid-1
DB00938,BE0004879,P02763,AGP 1
DB00938,BE0004879,P02763,AGP1
DB00938,BE0004879,P02763,OMD 1
DB00938,BE0004879,P02763,Orosomucoid-1
DB00938,BE0004879,P19652,AGP 2
DB00938,BE0004879,P19652,AGP2
DB00938,BE0004879,P19652,OMD 2
DB00938,BE0004879,P19652,Orosomucoid-2
DB00939,BE0000537,P05543,Serpin A7
DB00939,BE0000537,P05543,T4-binding globulin
DB00939,BE0000537,P05543,TBG
DB00946,BE0000925,P02763,AGP 1
DB00946,BE0000925,P02763,AGP1
DB00946,BE0000925,P02763,OMD 1
DB00946,BE0000925,P02763,Orosomucoid-1
DB00950,BE0004879,P02763,AGP 1
DB00950,BE0004879,P02763,AGP1
DB00950,BE0004879,P02763,OMD 1
DB00950,BE0004879,P02763,Orosomucoid-1
DB00950,BE0004879,P19652,AGP 2
DB00950,BE0004879,P19652,AGP2
DB00950,BE0004879,P19652,OMD 2
DB00950,BE0004879,P19652,Orosomucoid-2
DB00957,BE0000685,P04278,ABP
DB00957,BE0000685,P04278,SBP
DB00957,BE0000685,P04278,Sex steroid-binding protein
DB00957,BE0000685,P04278,SHBG
DB00957,BE0000685,P04278,TeBG
DB00957,BE0000685,P04278,Testis-specific androgen-binding protein
DB00957,BE0000685,P04278,Testosterone-estradiol-binding globulin
DB00957,BE0000685,P04278,Testosterone-estrogen-binding globulin
DB00960,BE0004879,P02763,AGP 1
DB00960,BE0004879,P02763,AGP1
DB00960,BE0004879,P02763,OMD 1
DB00960,BE0004879,P02763,Orosomucoid-1
DB00960,BE0004879,P19652,AGP 2
DB00960,BE0004879,P19652,AGP2
DB00960,BE0004879,P19652,OMD 2
DB00960,BE0004879,P19652,Orosomucoid-2
DB00977,BE0000685,P04278,ABP
DB00977,BE0000685,P04278,SBP
DB00977,BE0000685,P04278,Sex steroid-binding protein
DB00977,BE0000685,P04278,SHBG
DB00977,BE0000685,P04278,TeBG
DB00977,BE0000685,P04278,Testis-specific androgen-binding protein
DB00977,BE0000685,P04278,Testosterone-estradiol-binding globulin
DB00977,BE0000685,P04278,Testosterone-estrogen-binding globulin
DB00986,BE0004879,P02763,AGP 1
DB00986,BE0004879,P02763,AGP1
DB00986,BE0004879,P02763,OMD 1
DB00986,BE0004879,P02763,Orosomucoid-1
DB00986,BE0004879,P19652,AGP 2
DB00986,BE0004879,P19652,AGP2
DB00986,BE0004879,P19652,OMD 2
DB00986,BE0004879,P19652,Orosomucoid-2
DB01013,BE0000209,P08185,CBG
DB01013,BE0000209,P08185,Serpin A6
DB01013,BE0000209,P08185,Transcortin
DB01026,BE0000685,P04278,ABP
DB01026,BE0000685,P04278,SBP
DB01026,BE0000685,P04278,Sex steroid-binding protein
DB01026,BE0000685,P04278,SHBG
DB01026,BE0000685,P04278,TeBG
DB01026,BE0000685,P04278,Testis-specific androgen-binding protein
DB01026,BE0000685,P04278,Testosterone-estradiol-binding globulin
DB01026,BE0000685,P04278,Testosterone-estrogen-binding globulin
DB01029,BE0004879,P02763,AGP 1
DB01029,BE0004879,P02763,AGP1
DB01029,BE0004879,P02763,OMD 1
DB01029,BE0004879,P02763,Orosomucoid-1
DB01029,BE0004879,P19652,AGP 2
DB01029,BE0004879,P19652,AGP2
DB01029,BE0004879,P19652,OMD 2
DB01029,BE0004879,P19652,Orosomucoid-2
DB01042,BE0000925,P02763,AGP 1
DB01042,BE0000925,P02763,AGP1
DB01042,BE0000925,P02763,OMD 1
DB01042,BE0000925,P02763,Orosomucoid-1
DB01045,BE0004879,P02763,AGP 1
DB01045,BE0004879,P02763,AGP1
DB01045,BE0004879,P02763,OMD 1
DB01045,BE0004879,P02763,Orosomucoid-1
DB01045,BE0004879,P19652,AGP 2
DB01045,BE0004879,P19652,AGP2
DB01045,BE0004879,P19652,OMD 2
DB01045,BE0004879,P19652,Orosomucoid-2
DB01047,BE0000209,P08185,CBG
DB01047,BE0000209,P08185,Serpin A6
DB01047,BE0000209,P08185,Transcortin
DB01062,BE0000925,P02763,AGP 1
DB01062,BE0000925,P02763,AGP1
DB01062,BE0000925,P02763,OMD 1
DB01062,BE0000925,P02763,Orosomucoid-1
DB01072,BE0004879,P02763,AGP 1
DB01072,BE0004879,P02763,AGP1
DB01072,BE0004879,P02763,OMD 1
DB01072,BE0004879,P02763,Orosomucoid-1
DB01072,BE0004879,P19652,AGP 2
DB01072,BE0004879,P19652,AGP2
DB01072,BE0004879,P19652,OMD 2
DB01072,BE0004879,P19652,Orosomucoid-2
DB01086,BE0004879,P02763,AGP 1
DB01086,BE0004879,P02763,AGP1
DB01086,BE0004879,P02763,OMD 1
DB01086,BE0004879,P02763,Orosomucoid-1
DB01086,BE0004879,P19652,AGP 2
DB01086,BE0004879,P19652,AGP2
DB01086,BE0004879,P19652,OMD 2
DB01086,BE0004879,P19652,Orosomucoid-2
DB01093,BE0000337,P02766,ATTR
DB01093,BE0000337,P02766,PALB
DB01093,BE0000337,P02766,Prealbumin
DB01093,BE0000337,P02766,TBPA
DB01115,BE0004879,P02763,AGP 1
DB01115,BE0004879,P02763,AGP1
DB01115,BE0004879,P02763,OMD 1
DB01115,BE0004879,P02763,Orosomucoid-1
DB01115,BE0004879,P19652,AGP 2
DB01115,BE0004879,P19652,AGP2
DB01115,BE0004879,P19652,OMD 2
DB01115,BE0004879,P19652,Orosomucoid-2
DB01126,BE0000925,P02763,AGP 1
DB01126,BE0000925,P02763,AGP1
DB01126,BE0000925,P02763,OMD 1
DB01126,BE0000925,P02763,Orosomucoid-1
DB01138,BE0003591,P12104,FABPI
DB01138,BE0003591,P12104,Fatty acid-binding protein 2
DB01138,BE0003591,P12104,I-FABP
DB01138,BE0003591,P12104,Intestinal-type fatty acid-binding protein
DB01142,BE0000925,P02763,AGP 1
DB01142,BE0000925,P02763,AGP1
DB01142,BE0000925,P02763,OMD 1
DB01142,BE0000925,P02763,Orosomucoid-1
DB01151,BE0000925,P02763,AGP 1
DB01151,BE0000925,P02763,AGP1
DB01151,BE0000925,P02763,OMD 1
DB01151,BE0000925,P02763,Orosomucoid-1
DB01156,BE0000925,P02763,AGP 1
DB01156,BE0000925,P02763,AGP1
DB01156,BE0000925,P02763,OMD 1
DB01156,BE0000925,P02763,Orosomucoid-1
DB01185,BE0000685,P04278,ABP
DB01185,BE0000685,P04278,SBP
DB01185,BE0000685,P04278,Sex steroid-binding protein
DB01185,BE0000685,P04278,SHBG
DB01185,BE0000685,P04278,TeBG
DB01185,BE0000685,P04278,Testis-specific androgen-binding protein
DB01185,BE0000685,P04278,Testosterone-estradiol-binding globulin
DB01185,BE0000685,P04278,Testosterone-estrogen-binding globulin
DB01190,BE0000925,P02763,AGP 1
DB01190,BE0000925,P02763,AGP1
DB01190,BE0000925,P02763,OMD 1
DB01190,BE0000925,P02763,Orosomucoid-1
DB01195,BE0004879,P02763,AGP 1
DB01195,BE0004879,P02763,AGP1
DB01195,BE0004879,P02763,OMD 1
DB01195,BE0004879,P02763,Orosomucoid-1
DB01195,BE0004879,P19652,AGP 2
DB01195,BE0004879,P19652,AGP2
DB01195,BE0004879,P19652,OMD 2
DB01195,BE0004879,P19652,Orosomucoid-2
DB01203,BE0004879,P02763,AGP 1
DB01203,BE0004879,P02763,AGP1
DB01203,BE0004879,P02763,OMD 1
DB01203,BE0004879,P02763,Orosomucoid-1
DB01203,BE0004879,P19652,AGP 2
DB01203,BE0004879,P19652,AGP2
DB01203,BE0004879,P19652,OMD 2
DB01203,BE0004879,P19652,Orosomucoid-2
DB01219,BE0000537,P05543,Serpin A7
DB01219,BE0000537,P05543,T4-binding globulin
DB01219,BE0000537,P05543,TBG
DB01222,BE0000209,P08185,CBG
DB01222,BE0000209,P08185,Serpin A6
DB01222,BE0000209,P08185,Transcortin
DB01232,BE0000925,P02763,AGP 1
DB01232,BE0000925,P02763,AGP1
DB01232,BE0000925,P02763,OMD 1
DB01232,BE0000925,P02763,Orosomucoid-1
DB01233,BE0000925,P02763,AGP 1
DB01233,BE0000925,P02763,AGP1
DB01233,BE0000925,P02763,OMD 1
DB01233,BE0000925,P02763,Orosomucoid-1
DB01264,BE0000925,P02763,AGP 1
DB01264,BE0000925,P02763,AGP1
DB01264,BE0000925,P02763,OMD 1
DB01264,BE0000925,P02763,Orosomucoid-1
DB01277,BE0000970,P17936,IBP-3
DB01277,BE0000970,P17936,IBP3
DB01277,BE0000970,P17936,IGF-binding protein 3
DB01277,BE0000970,P17936,IGFBP-3
DB01277,BE0009058,P35858,ALS
DB01277,BE0009658,P08833,IBP-1
DB01277,BE0009658,P08833,IBP1
DB01277,BE0009658,P08833,IGF-binding protein 1
DB01277,BE0009658,P08833,IGFBP-1
DB01277,BE0009658,P08833,Placental protein 12
DB01277,BE0009658,P08833,PP12
DB01277,BE0009659,P18065,BP2
DB01277,BE0009659,P18065,IBP-2
DB01277,BE0009659,P18065,IBP2
DB01277,BE0009659,P18065,IGF-binding protein 2
DB01277,BE0009659,P18065,IGFBP-2
DB01277,BE0009660,P22692,IBP-4
DB01277,BE0009660,P22692,IBP4
DB01277,BE0009660,P22692,IGF-binding protein 4
DB01277,BE0009660,P22692,IGFBP-4
DB01277,BE0009661,P24593,IBP-5
DB01277,BE0009661,P24593,IBP5
DB01277,BE0009661,P24593,IGF-binding protein 5
DB01277,BE0009661,P24593,IGFBP-5
DB01277,BE0009662,P24592,IBP-6
DB01277,BE0009662,P24592,IBP6
DB01277,BE0009662,P24592,IGF-binding protein 6
DB01277,BE0009662,P24592,IGFBP-6
DB01280,BE0001204,Q99808,ENT1
DB01280,BE0001204,Q99808,Equilibrative NBMPR-sensitive nucleoside transporter
DB01280,BE0001204,Q99808,Equilibrative nitrobenzylmercaptopurine riboside-sensitive nucleoside transporter
DB01280,BE0001204,Q99808,es nucleoside transporter
DB01280,BE0001204,Q99808,hENT1
DB01280,BE0001204,Q99808,"Nucleoside transporter, es-type"
DB01280,BE0001204,Q99808,Solute carrier family 29 member 1
DB01294,BE0000510,P02787,Beta-1 metal-binding globulin
DB01294,BE0000510,P02787,Siderophilin
DB01294,BE0000510,P02787,Transferrin
DB01320,BE0000537,P05543,Serpin A7
DB01320,BE0000537,P05543,T4-binding globulin
DB01320,BE0000537,P05543,TBG
DB01359,BE0000925,P02763,AGP 1
DB01359,BE0000925,P02763,AGP1
DB01359,BE0000925,P02763,OMD 1
DB01359,BE0000925,P02763,Orosomucoid-1
DB01380,BE0000209,P08185,CBG
DB01380,BE0000209,P08185,Serpin A6
DB01380,BE0000209,P08185,Transcortin
DB01384,BE0000209,P08185,CBG
DB01384,BE0000209,P08185,Serpin A6
DB01384,BE0000209,P08185,Transcortin
DB01406,BE0000685,P04278,ABP
DB01406,BE0000685,P04278,SBP
DB01406,BE0000685,P04278,Sex steroid-binding protein
DB01406,BE0000685,P04278,SHBG
DB01406,BE0000685,P04278,TeBG
DB01406,BE0000685,P04278,Testis-specific androgen-binding protein
DB01406,BE0000685,P04278,Testosterone-estradiol-binding globulin
DB01406,BE0000685,P04278,Testosterone-estrogen-binding globulin
DB01410,BE0000209,P08185,CBG
DB01410,BE0000209,P08185,Serpin A6
DB01410,BE0000209,P08185,Transcortin
DB01418,BE0000925,P02763,AGP 1
DB01418,BE0000925,P02763,AGP1
DB01418,BE0000925,P02763,OMD 1
DB01418,BE0000925,P02763,Orosomucoid-1
DB01420,BE0000685,P04278,ABP
DB01420,BE0000685,P04278,SBP
DB01420,BE0000685,P04278,Sex steroid-binding protein
DB01420,BE0000685,P04278,SHBG
DB01420,BE0000685,P04278,TeBG
DB01420,BE0000685,P04278,Testis-specific androgen-binding protein
DB01420,BE0000685,P04278,Testosterone-estradiol-binding globulin
DB01420,BE0000685,P04278,Testosterone-estrogen-binding globulin
DB01426,BE0000925,P02763,AGP 1
DB01426,BE0000925,P02763,AGP1
DB01426,BE0000925,P02763,OMD 1
DB01426,BE0000925,P02763,Orosomucoid-1
DB01429,BE0000925,P02763,AGP 1
DB01429,BE0000925,P02763,AGP1
DB01429,BE0000925,P02763,OMD 1
DB01429,BE0000925,P02763,Orosomucoid-1
DB01436,BE0001141,P02774,DBP
DB01436,BE0001141,P02774,DBP-maf
DB01436,BE0001141,P02774,Gc
DB01436,BE0001141,P02774,Gc protein-derived macrophage activating factor
DB01436,BE0001141,P02774,Gc-globulin
DB01436,BE0001141,P02774,Gc-MAF
DB01436,BE0001141,P02774,GcMAF
DB01436,BE0001141,P02774,Group-specific component
DB01436,BE0001141,P02774,VDB
DB01436,BE0001141,P02774,Vitamin D-binding protein-macrophage activating factor
DB01452,BE0000537,P05543,Serpin A7
DB01452,BE0000537,P05543,T4-binding globulin
DB01452,BE0000537,P05543,TBG
DB01583,BE0000337,P02766,ATTR
DB01583,BE0000337,P02766,PALB
DB01583,BE0000337,P02766,Prealbumin
DB01583,BE0000337,P02766,TBPA
DB01583,BE0000537,P05543,Serpin A7
DB01583,BE0000537,P05543,T4-binding globulin
DB01583,BE0000537,P05543,TBG
DB01591,BE0004879,P02763,AGP 1
DB01591,BE0004879,P02763,AGP1
DB01591,BE0004879,P02763,OMD 1
DB01591,BE0004879,P02763,Orosomucoid-1
DB01591,BE0004879,P19652,AGP 2
DB01591,BE0004879,P19652,AGP2
DB01591,BE0004879,P19652,OMD 2
DB01591,BE0004879,P19652,Orosomucoid-2
DB01601,BE0000925,P02763,AGP 1
DB01601,BE0000925,P02763,AGP1
DB01601,BE0000925,P02763,OMD 1
DB01601,BE0000925,P02763,Orosomucoid-1
DB01611,BE0004879,P02763,AGP 1
DB01611,BE0004879,P02763,AGP1
DB01611,BE0004879,P02763,OMD 1
DB01611,BE0004879,P02763,Orosomucoid-1
DB01611,BE0004879,P19652,AGP 2
DB01611,BE0004879,P19652,AGP2
DB01611,BE0004879,P19652,OMD 2
DB01611,BE0004879,P19652,Orosomucoid-2
DB01627,BE0000925,P02763,AGP 1
DB01627,BE0000925,P02763,AGP1
DB01627,BE0000925,P02763,OMD 1
DB01627,BE0000925,P02763,Orosomucoid-1
DB01629,BE0000537,P05543,Serpin A7
DB01629,BE0000537,P05543,T4-binding globulin
DB01629,BE0000537,P05543,TBG
DB01645,BE0000337,P02766,ATTR
DB01645,BE0000337,P02766,PALB
DB01645,BE0000337,P02766,Prealbumin
DB01645,BE0000337,P02766,TBPA
DB01685,BE0000925,P02763,AGP 1
DB01685,BE0000925,P02763,AGP1
DB01685,BE0000925,P02763,OMD 1
DB01685,BE0000925,P02763,Orosomucoid-1
DB01751,BE0000337,P02766,ATTR
DB01751,BE0000337,P02766,PALB
DB01751,BE0000337,P02766,Prealbumin
DB01751,BE0000337,P02766,TBPA
DB01838,BE0000337,P02766,ATTR
DB01838,BE0000337,P02766,PALB
DB01838,BE0000337,P02766,Prealbumin
DB01838,BE0000337,P02766,TBPA
DB02074,BE0003998,P07148,FABPL
DB02074,BE0003998,P07148,Fatty acid-binding protein 1
DB02074,BE0003998,P07148,L-FABP
DB02074,BE0003998,P07148,Liver-type fatty acid-binding protein
DB02080,BE0000643,P49638,Alpha-TTP
DB02080,BE0000643,P49638,TPP1
DB02153,BE0001194,P15090,A-FABP
DB02153,BE0001194,P15090,Adipocyte lipid-binding protein
DB02153,BE0001194,P15090,Adipocyte-type fatty acid-binding protein
DB02153,BE0001194,P15090,AFABP
DB02153,BE0001194,P15090,ALBP
DB02153,BE0001194,P15090,Fatty acid-binding protein 4
DB02179,BE0000337,P02766,ATTR
DB02179,BE0000337,P02766,PALB
DB02179,BE0000337,P02766,Prealbumin
DB02179,BE0000337,P02766,TBPA
DB02216,BE0003998,P07148,FABPL
DB02216,BE0003998,P07148,Fatty acid-binding protein 1
DB02216,BE0003998,P07148,L-FABP
DB02216,BE0003998,P07148,Liver-type fatty acid-binding protein
DB02266,BE0000337,P02766,ATTR
DB02266,BE0000337,P02766,PALB
DB02266,BE0000337,P02766,Prealbumin
DB02266,BE0000337,P02766,TBPA
DB02342,BE0000685,P04278,ABP
DB02342,BE0000685,P04278,SBP
DB02342,BE0000685,P04278,Sex steroid-binding protein
DB02342,BE0000685,P04278,SHBG
DB02342,BE0000685,P04278,TeBG
DB02342,BE0000685,P04278,Testis-specific androgen-binding protein
DB02342,BE0000685,P04278,Testosterone-estradiol-binding globulin
DB02342,BE0000685,P04278,Testosterone-estrogen-binding globulin
DB02417,BE0000337,P02766,ATTR
DB02417,BE0000337,P02766,PALB
DB02417,BE0000337,P02766,Prealbumin
DB02417,BE0000337,P02766,TBPA
DB02659,BE0003998,P07148,FABPL
DB02659,BE0003998,P07148,Fatty acid-binding protein 1
DB02659,BE0003998,P07148,L-FABP
DB02659,BE0003998,P07148,Liver-type fatty acid-binding protein
DB02698,BE0000337,P02766,ATTR
DB02698,BE0000337,P02766,PALB
DB02698,BE0000337,P02766,Prealbumin
DB02698,BE0000337,P02766,TBPA
DB02709,BE0000337,P02766,ATTR
DB02709,BE0000337,P02766,PALB
DB02709,BE0000337,P02766,Prealbumin
DB02709,BE0000337,P02766,TBPA
DB02776,BE0001194,P15090,A-FABP
DB02776,BE0001194,P15090,Adipocyte lipid-binding protein
DB02776,BE0001194,P15090,Adipocyte-type fatty acid-binding protein
DB02776,BE0001194,P15090,AFABP
DB02776,BE0001194,P15090,ALBP
DB02776,BE0001194,P15090,Fatty acid-binding protein 4
DB02901,BE0000685,P04278,ABP
DB02901,BE0000685,P04278,SBP
DB02901,BE0000685,P04278,Sex steroid-binding protein
DB02901,BE0000685,P04278,SHBG
DB02901,BE0000685,P04278,TeBG
DB02901,BE0000685,P04278,Testis-specific androgen-binding protein
DB02901,BE0000685,P04278,Testosterone-estradiol-binding globulin
DB02901,BE0000685,P04278,Testosterone-estrogen-binding globulin
DB03009,BE0001194,P15090,A-FABP
DB03009,BE0001194,P15090,Adipocyte lipid-binding protein
DB03009,BE0001194,P15090,Adipocyte-type fatty acid-binding protein
DB03009,BE0001194,P15090,AFABP
DB03009,BE0001194,P15090,ALBP
DB03009,BE0001194,P15090,Fatty acid-binding protein 4
DB03167,BE0000337,P02766,ATTR
DB03167,BE0000337,P02766,PALB
DB03167,BE0000337,P02766,Prealbumin
DB03167,BE0000337,P02766,TBPA
DB03193,BE0001201,P05413,FABP11
DB03193,BE0001201,P05413,Fatty acid-binding protein 3
DB03193,BE0001201,P05413,H-FABP
DB03193,BE0001201,P05413,Heart-type fatty acid-binding protein
DB03193,BE0001201,P05413,M-FABP
DB03193,BE0001201,P05413,Mammary-derived growth inhibitor
DB03193,BE0001201,P05413,MDGI
DB03193,BE0001201,P05413,Muscle fatty acid-binding protein
DB03239,BE0000337,P02766,ATTR
DB03239,BE0000337,P02766,PALB
DB03239,BE0000337,P02766,Prealbumin
DB03239,BE0000337,P02766,TBPA
DB03346,BE0000337,P02766,ATTR
DB03346,BE0000337,P02766,PALB
DB03346,BE0000337,P02766,Prealbumin
DB03346,BE0000337,P02766,TBPA
DB03682,BE0000337,P02766,ATTR
DB03682,BE0000337,P02766,PALB
DB03682,BE0000337,P02766,Prealbumin
DB03682,BE0000337,P02766,TBPA
DB03766,BE0001194,P15090,A-FABP
DB03766,BE0001194,P15090,Adipocyte lipid-binding protein
DB03766,BE0001194,P15090,Adipocyte-type fatty acid-binding protein
DB03766,BE0001194,P15090,AFABP
DB03766,BE0001194,P15090,ALBP
DB03766,BE0001194,P15090,Fatty acid-binding protein 4
DB03796,BE0001194,P15090,A-FABP
DB03796,BE0001194,P15090,Adipocyte lipid-binding protein
DB03796,BE0001194,P15090,Adipocyte-type fatty acid-binding protein
DB03796,BE0001194,P15090,AFABP
DB03796,BE0001194,P15090,ALBP
DB03796,BE0001194,P15090,Fatty acid-binding protein 4
DB03796,BE0001984,Q01469,E-FABP
DB03796,BE0001984,Q01469,Epidermal-type fatty acid-binding protein
DB03796,BE0001984,Q01469,"Fatty acid-binding protein, epidermal"
DB03796,BE0001984,Q01469,PA-FABP
DB03796,BE0001984,Q01469,Psoriasis-associated fatty acid-binding protein homolog
DB03796,BE0001201,P05413,FABP11
DB03796,BE0001201,P05413,Fatty acid-binding protein 3
DB03796,BE0001201,P05413,H-FABP
DB03796,BE0001201,P05413,Heart-type fatty acid-binding protein
DB03796,BE0001201,P05413,M-FABP
DB03796,BE0001201,P05413,Mammary-derived growth inhibitor
DB03796,BE0001201,P05413,MDGI
DB03796,BE0001201,P05413,Muscle fatty acid-binding protein
DB03796,BE0003591,P12104,FABPI
DB03796,BE0003591,P12104,Fatty acid-binding protein 2
DB03796,BE0003591,P12104,I-FABP
DB03796,BE0003591,P12104,Intestinal-type fatty acid-binding protein
DB03851,BE0001194,P15090,A-FABP
DB03851,BE0001194,P15090,Adipocyte lipid-binding protein
DB03851,BE0001194,P15090,Adipocyte-type fatty acid-binding protein
DB03851,BE0001194,P15090,AFABP
DB03851,BE0001194,P15090,ALBP
DB03851,BE0001194,P15090,Fatty acid-binding protein 4
DB03882,BE0000685,P04278,ABP
DB03882,BE0000685,P04278,SBP
DB03882,BE0000685,P04278,Sex steroid-binding protein
DB03882,BE0000685,P04278,SHBG
DB03882,BE0000685,P04278,TeBG
DB03882,BE0000685,P04278,Testis-specific androgen-binding protein
DB03882,BE0000685,P04278,Testosterone-estradiol-binding globulin
DB03882,BE0000685,P04278,Testosterone-estrogen-binding globulin
DB03917,BE0000314,P02753,Plasma retinol-binding protein
DB03917,BE0000314,P02753,PRBP
DB03917,BE0000314,P02753,RBP
DB03926,BE0000685,P04278,ABP
DB03926,BE0000685,P04278,SBP
DB03926,BE0000685,P04278,Sex steroid-binding protein
DB03926,BE0000685,P04278,SHBG
DB03926,BE0000685,P04278,TeBG
DB03926,BE0000685,P04278,Testis-specific androgen-binding protein
DB03926,BE0000685,P04278,Testosterone-estradiol-binding globulin
DB03926,BE0000685,P04278,Testosterone-estrogen-binding globulin
DB04224,BE0001201,P05413,FABP11
DB04224,BE0001201,P05413,Fatty acid-binding protein 3
DB04224,BE0001201,P05413,H-FABP
DB04224,BE0001201,P05413,Heart-type fatty acid-binding protein
DB04224,BE0001201,P05413,M-FABP
DB04224,BE0001201,P05413,Mammary-derived growth inhibitor
DB04224,BE0001201,P05413,MDGI
DB04224,BE0001201,P05413,Muscle fatty acid-binding protein
DB04224,BE0003998,P07148,FABPL
DB04224,BE0003998,P07148,Fatty acid-binding protein 1
DB04224,BE0003998,P07148,L-FABP
DB04224,BE0003998,P07148,Liver-type fatty acid-binding protein
DB04224,BE0001141,P02774,DBP
DB04224,BE0001141,P02774,DBP-maf
DB04224,BE0001141,P02774,Gc
DB04224,BE0001141,P02774,Gc protein-derived macrophage activating factor
DB04224,BE0001141,P02774,Gc-globulin
DB04224,BE0001141,P02774,Gc-MAF
DB04224,BE0001141,P02774,GcMAF
DB04224,BE0001141,P02774,Group-specific component
DB04224,BE0001141,P02774,VDB
DB04224,BE0001141,P02774,Vitamin D-binding protein-macrophage activating factor
DB04224,BE0001821,O15540,B-FABP
DB04224,BE0001821,O15540,BLBP
DB04224,BE0001821,O15540,Brain lipid-binding protein
DB04224,BE0001821,O15540,Brain-type fatty acid-binding protein
DB04224,BE0001821,O15540,FABPB
DB04224,BE0001821,O15540,Fatty acid-binding protein 7
DB04224,BE0001821,O15540,Mammary-derived growth inhibitor related
DB04224,BE0001821,O15540,MRG
DB04224,BE0001194,P15090,A-FABP
DB04224,BE0001194,P15090,Adipocyte lipid-binding protein
DB04224,BE0001194,P15090,Adipocyte-type fatty acid-binding protein
DB04224,BE0001194,P15090,AFABP
DB04224,BE0001194,P15090,ALBP
DB04224,BE0001194,P15090,Fatty acid-binding protein 4
DB04437,BE0001194,P15090,A-FABP
DB04437,BE0001194,P15090,Adipocyte lipid-binding protein
DB04437,BE0001194,P15090,Adipocyte-type fatty acid-binding protein
DB04437,BE0001194,P15090,AFABP
DB04437,BE0001194,P15090,ALBP
DB04437,BE0001194,P15090,Fatty acid-binding protein 4
DB04474,BE0001194,P15090,A-FABP
DB04474,BE0001194,P15090,Adipocyte lipid-binding protein
DB04474,BE0001194,P15090,Adipocyte-type fatty acid-binding protein
DB04474,BE0001194,P15090,AFABP
DB04474,BE0001194,P15090,ALBP
DB04474,BE0001194,P15090,Fatty acid-binding protein 4
DB04474,BE0000337,P02766,ATTR
DB04474,BE0000337,P02766,PALB
DB04474,BE0000337,P02766,Prealbumin
DB04474,BE0000337,P02766,TBPA
DB04557,BE0003591,P12104,FABPI
DB04557,BE0003591,P12104,Fatty acid-binding protein 2
DB04557,BE0003591,P12104,I-FABP
DB04557,BE0003591,P12104,Intestinal-type fatty acid-binding protein
DB04557,BE0001194,P15090,A-FABP
DB04557,BE0001194,P15090,Adipocyte lipid-binding protein
DB04557,BE0001194,P15090,Adipocyte-type fatty acid-binding protein
DB04557,BE0001194,P15090,AFABP
DB04557,BE0001194,P15090,ALBP
DB04557,BE0001194,P15090,Fatty acid-binding protein 4
DB04574,BE0000685,P04278,ABP
DB04574,BE0000685,P04278,SBP
DB04574,BE0000685,P04278,Sex steroid-binding protein
DB04574,BE0000685,P04278,SHBG
DB04574,BE0000685,P04278,TeBG
DB04574,BE0000685,P04278,Testis-specific androgen-binding protein
DB04574,BE0000685,P04278,Testosterone-estradiol-binding globulin
DB04574,BE0000685,P04278,Testosterone-estrogen-binding globulin
DB04674,BE0000337,P02766,ATTR
DB04674,BE0000337,P02766,PALB
DB04674,BE0000337,P02766,Prealbumin
DB04674,BE0000337,P02766,TBPA
DB04756,BE0000337,P02766,ATTR
DB04756,BE0000337,P02766,PALB
DB04756,BE0000337,P02766,Prealbumin
DB04756,BE0000337,P02766,TBPA
DB04821,BE0000925,P02763,AGP 1
DB04821,BE0000925,P02763,AGP1
DB04821,BE0000925,P02763,OMD 1
DB04821,BE0000925,P02763,Orosomucoid-1
DB04942,BE0000508,P29762,Cellular retinoic acid-binding protein I
DB04942,BE0000508,P29762,CRABP-I
DB04942,BE0000508,P29762,RBP5
DB05076,BE0000314,P02753,Plasma retinol-binding protein
DB05076,BE0000314,P02753,PRBP
DB05076,BE0000314,P02753,RBP
DB05235,BE0000337,P02766,ATTR
DB05235,BE0000337,P02766,PALB
DB05235,BE0000337,P02766,Prealbumin
DB05235,BE0000337,P02766,TBPA
DB05235,BE0000537,P05543,Serpin A7
DB05235,BE0000537,P05543,T4-binding globulin
DB05235,BE0000537,P05543,TBG
DB05239,BE0000925,P02763,AGP 1
DB05239,BE0000925,P02763,AGP1
DB05239,BE0000925,P02763,OMD 1
DB05239,BE0000925,P02763,Orosomucoid-1
DB05260,BE0000510,P02787,Beta-1 metal-binding globulin
DB05260,BE0000510,P02787,Siderophilin
DB05260,BE0000510,P02787,Transferrin
DB05294,BE0000925,P02763,AGP 1
DB05294,BE0000925,P02763,AGP1
DB05294,BE0000925,P02763,OMD 1
DB05294,BE0000925,P02763,Orosomucoid-1
DB05352,BE0000337,P02766,ATTR
DB05352,BE0000337,P02766,PALB
DB05352,BE0000337,P02766,Prealbumin
DB05352,BE0000337,P02766,TBPA
DB05382,BE0009873,P01266,Tg
DB05521,BE0000925,P02763,AGP 1
DB05521,BE0000925,P02763,AGP1
DB05521,BE0000925,P02763,OMD 1
DB05521,BE0000925,P02763,Orosomucoid-1
DB05688,BE0000209,P08185,CBG
DB05688,BE0000209,P08185,Serpin A6
DB05688,BE0000209,P08185,Transcortin
DB05812,BE0000925,P02763,AGP 1
DB05812,BE0000925,P02763,AGP1
DB05812,BE0000925,P02763,OMD 1
DB05812,BE0000925,P02763,Orosomucoid-1
DB05948,BE0003449,P02647,Apo-AI
DB05948,BE0003449,P02647,ApoA-I
DB05948,BE0003449,P02647,Apolipoprotein A1
DB06215,BE0000510,P02787,Beta-1 metal-binding globulin
DB06215,BE0000510,P02787,Siderophilin
DB06215,BE0000510,P02787,Transferrin
DB06216,BE0004879,P02763,AGP 1
DB06216,BE0004879,P02763,AGP1
DB06216,BE0004879,P02763,OMD 1
DB06216,BE0004879,P02763,Orosomucoid-1
DB06216,BE0004879,P19652,AGP 2
DB06216,BE0004879,P19652,AGP2
DB06216,BE0004879,P19652,OMD 2
DB06216,BE0004879,P19652,Orosomucoid-2
DB06234,BE0000925,P02763,AGP 1
DB06234,BE0000925,P02763,AGP1
DB06234,BE0000925,P02763,OMD 1
DB06234,BE0000925,P02763,Orosomucoid-1
DB06237,BE0000925,P02763,AGP 1
DB06237,BE0000925,P02763,AGP1
DB06237,BE0000925,P02763,OMD 1
DB06237,BE0000925,P02763,Orosomucoid-1
DB06412,BE0000685,P04278,ABP
DB06412,BE0000685,P04278,SBP
DB06412,BE0000685,P04278,Sex steroid-binding protein
DB06412,BE0000685,P04278,SHBG
DB06412,BE0000685,P04278,TeBG
DB06412,BE0000685,P04278,Testis-specific androgen-binding protein
DB06412,BE0000685,P04278,Testosterone-estradiol-binding globulin
DB06412,BE0000685,P04278,Testosterone-estrogen-binding globulin
DB06710,BE0000685,P04278,ABP
DB06710,BE0000685,P04278,SBP
DB06710,BE0000685,P04278,Sex steroid-binding protein
DB06710,BE0000685,P04278,SHBG
DB06710,BE0000685,P04278,TeBG
DB06710,BE0000685,P04278,Testis-specific androgen-binding protein
DB06710,BE0000685,P04278,Testosterone-estradiol-binding globulin
DB06710,BE0000685,P04278,Testosterone-estrogen-binding globulin
DB06755,BE0004020,P98155,VLDL receptor
DB06755,BE0004020,P98155,VLDL-R
DB06755,BE0000301,P09455,Cellular retinol-binding protein
DB06755,BE0000301,P09455,Cellular retinol-binding protein I
DB06755,BE0000301,P09455,CRBP
DB06755,BE0000301,P09455,CRBP-I
DB06755,BE0000301,P09455,CRBP1
DB06755,BE0000505,P50120,Cellular retinol-binding protein II
DB06755,BE0000505,P50120,CRBP-II
DB06755,BE0000505,P50120,CRBP2
DB06755,BE0000255,P10745,Interphotoreceptor retinoid-binding protein
DB06755,BE0000255,P10745,Interstitial retinol-binding protein
DB06755,BE0000255,P10745,IRBP
DB06755,BE0000314,P02753,Plasma retinol-binding protein
DB06755,BE0000314,P02753,PRBP
DB06755,BE0000314,P02753,RBP
DB06755,BE0000682,P82980,Cellular retinol-binding protein III
DB06755,BE0000682,P82980,CRBP-III
DB06755,BE0000682,P82980,HRBPiso
DB06757,BE0000510,P02787,Beta-1 metal-binding globulin
DB06757,BE0000510,P02787,Siderophilin
DB06757,BE0000510,P02787,Transferrin
DB06757,BE0001140,P00450,Cuproxidase ceruloplasmin
DB06757,BE0001140,P00450,Ferroxidase ceruloplasmin
DB06757,BE0001140,P00450,Glutathione peroxidase ceruloplasmin
DB06757,BE0001140,P00450,Glutathione-dependent peroxiredoxin ceruloplasmin
DB06772,BE0000499,P01130,LDL receptor
DB06772,BE0004020,P98155,VLDL receptor
DB06772,BE0004020,P98155,VLDL-R
DB06772,BE0010226,Q8IV16,GPI-anchored HDL-binding protein 1
DB06772,BE0010226,Q8IV16,GPI-HBP1
DB06772,BE0010226,Q8IV16,HBP1
DB06772,BE0010226,Q8IV16,High density lipoprotein-binding protein 1
DB06784,BE0000510,P02787,Beta-1 metal-binding globulin
DB06784,BE0000510,P02787,Siderophilin
DB06784,BE0000510,P02787,Transferrin
DB06784,BE0000994,P02788,3.4.21.-
DB06784,BE0000994,P02788,GIG12
DB06784,BE0000994,P02788,Growth-inhibiting protein 12
DB06784,BE0000994,P02788,Lactoferrin
DB06784,BE0000994,P02788,LF
DB06784,BE0000994,P02788,Talalactoferrin
DB06784,BE0000085,P02792,Ferritin L subunit
DB06784,BE0000399,P02794,1.16.3.1
DB06784,BE0000399,P02794,Cell proliferation-inducing gene 15 protein
DB06784,BE0000399,P02794,Ferritin H subunit
DB06784,BE0000399,P02794,FTH
DB06784,BE0000399,P02794,FTHL6
DB06796,BE0000910,P01023,Alpha-2-M
DB06796,BE0000910,P01023,C3 and PZP-like alpha-2-macroglobulin domain-containing protein 5
DB06796,BE0000910,P01023,CPAMD5
DB06885,BE0000337,P02766,ATTR
DB06885,BE0000337,P02766,PALB
DB06885,BE0000337,P02766,Prealbumin
DB06885,BE0000337,P02766,TBPA
DB06907,BE0000337,P02766,ATTR
DB06907,BE0000337,P02766,PALB
DB06907,BE0000337,P02766,Prealbumin
DB06907,BE0000337,P02766,TBPA
DB06935,BE0000337,P02766,ATTR
DB06935,BE0000337,P02766,PALB
DB06935,BE0000337,P02766,Prealbumin
DB06935,BE0000337,P02766,TBPA
DB06985,BE0000314,P02753,Plasma retinol-binding protein
DB06985,BE0000314,P02753,PRBP
DB06985,BE0000314,P02753,RBP
DB07047,BE0000337,P02766,ATTR
DB07047,BE0000337,P02766,PALB
DB07047,BE0000337,P02766,Prealbumin
DB07047,BE0000337,P02766,TBPA
DB07176,BE0000337,P02766,ATTR
DB07176,BE0000337,P02766,PALB
DB07176,BE0000337,P02766,Prealbumin
DB07176,BE0000337,P02766,TBPA
DB07201,BE0000337,P02766,ATTR
DB07201,BE0000337,P02766,PALB
DB07201,BE0000337,P02766,Prealbumin
DB07201,BE0000337,P02766,TBPA
DB07240,BE0000337,P02766,ATTR
DB07240,BE0000337,P02766,PALB
DB07240,BE0000337,P02766,Prealbumin
DB07240,BE0000337,P02766,TBPA
DB07282,BE0000337,P02766,ATTR
DB07282,BE0000337,P02766,PALB
DB07282,BE0000337,P02766,Prealbumin
DB07282,BE0000337,P02766,TBPA
DB07283,BE0001194,P15090,A-FABP
DB07283,BE0001194,P15090,Adipocyte lipid-binding protein
DB07283,BE0001194,P15090,Adipocyte-type fatty acid-binding protein
DB07283,BE0001194,P15090,AFABP
DB07283,BE0001194,P15090,ALBP
DB07283,BE0001194,P15090,Fatty acid-binding protein 4
DB07693,BE0000337,P02766,ATTR
DB07693,BE0000337,P02766,PALB
DB07693,BE0000337,P02766,Prealbumin
DB07693,BE0000337,P02766,TBPA
DB07694,BE0000337,P02766,ATTR
DB07694,BE0000337,P02766,PALB
DB07694,BE0000337,P02766,Prealbumin
DB07694,BE0000337,P02766,TBPA
DB07695,BE0000337,P02766,ATTR
DB07695,BE0000337,P02766,PALB
DB07695,BE0000337,P02766,Prealbumin
DB07695,BE0000337,P02766,TBPA
DB07753,BE0000337,P02766,ATTR
DB07753,BE0000337,P02766,PALB
DB07753,BE0000337,P02766,Prealbumin
DB07753,BE0000337,P02766,TBPA
DB07775,BE0000337,P02766,ATTR
DB07775,BE0000337,P02766,PALB
DB07775,BE0000337,P02766,Prealbumin
DB07775,BE0000337,P02766,TBPA
DB07945,BE0001194,P15090,A-FABP
DB07945,BE0001194,P15090,Adipocyte lipid-binding protein
DB07945,BE0001194,P15090,Adipocyte-type fatty acid-binding protein
DB07945,BE0001194,P15090,AFABP
DB07945,BE0001194,P15090,ALBP
DB07945,BE0001194,P15090,Fatty acid-binding protein 4
DB07962,BE0000337,P02766,ATTR
DB07962,BE0000337,P02766,PALB
DB07962,BE0000337,P02766,Prealbumin
DB07962,BE0000337,P02766,TBPA
DB07963,BE0000337,P02766,ATTR
DB07963,BE0000337,P02766,PALB
DB07963,BE0000337,P02766,Prealbumin
DB07963,BE0000337,P02766,TBPA
DB08100,BE0000337,P02766,ATTR
DB08100,BE0000337,P02766,PALB
DB08100,BE0000337,P02766,Prealbumin
DB08100,BE0000337,P02766,TBPA
DB08101,BE0000337,P02766,ATTR
DB08101,BE0000337,P02766,PALB
DB08101,BE0000337,P02766,Prealbumin
DB08101,BE0000337,P02766,TBPA
DB08102,BE0000337,P02766,ATTR
DB08102,BE0000337,P02766,PALB
DB08102,BE0000337,P02766,Prealbumin
DB08102,BE0000337,P02766,TBPA
DB08103,BE0000337,P02766,ATTR
DB08103,BE0000337,P02766,PALB
DB08103,BE0000337,P02766,Prealbumin
DB08103,BE0000337,P02766,TBPA
DB08104,BE0000337,P02766,ATTR
DB08104,BE0000337,P02766,PALB
DB08104,BE0000337,P02766,Prealbumin
DB08104,BE0000337,P02766,TBPA
DB08127,BE0000782,P29373,Cellular retinoic acid-binding protein II
DB08127,BE0000782,P29373,CRABP-II
DB08205,BE0000337,P02766,ATTR
DB08205,BE0000337,P02766,PALB
DB08205,BE0000337,P02766,Prealbumin
DB08205,BE0000337,P02766,TBPA
DB08206,BE0000337,P02766,ATTR
DB08206,BE0000337,P02766,PALB
DB08206,BE0000337,P02766,Prealbumin
DB08206,BE0000337,P02766,TBPA
DB08207,BE0000337,P02766,ATTR
DB08207,BE0000337,P02766,PALB
DB08207,BE0000337,P02766,Prealbumin
DB08207,BE0000337,P02766,TBPA
DB08231,BE0003591,P12104,FABPI
DB08231,BE0003591,P12104,Fatty acid-binding protein 2
DB08231,BE0003591,P12104,I-FABP
DB08231,BE0003591,P12104,Intestinal-type fatty acid-binding protein
DB08231,BE0004245,O95445,Apo-M
DB08231,BE0004245,O95445,ApoM
DB08231,BE0004245,O95445,G3A
DB08231,BE0004245,O95445,NG20
DB08231,BE0004245,O95445,Protein G3a
DB08455,BE0000782,P29373,Cellular retinoic acid-binding protein II
DB08455,BE0000782,P29373,CRABP-II
DB08467,BE0000782,P29373,Cellular retinoic acid-binding protein II
DB08467,BE0000782,P29373,CRABP-II
DB08607,BE0001194,P15090,A-FABP
DB08607,BE0001194,P15090,Adipocyte lipid-binding protein
DB08607,BE0001194,P15090,Adipocyte-type fatty acid-binding protein
DB08607,BE0001194,P15090,AFABP
DB08607,BE0001194,P15090,ALBP
DB08607,BE0001194,P15090,Fatty acid-binding protein 4
DB08804,BE0000685,P04278,ABP
DB08804,BE0000685,P04278,SBP
DB08804,BE0000685,P04278,Sex steroid-binding protein
DB08804,BE0000685,P04278,SHBG
DB08804,BE0000685,P04278,TeBG
DB08804,BE0000685,P04278,Testis-specific androgen-binding protein
DB08804,BE0000685,P04278,Testosterone-estradiol-binding globulin
DB08804,BE0000685,P04278,Testosterone-estrogen-binding globulin
DB08820,BE0000925,P02763,AGP 1
DB08820,BE0000925,P02763,AGP1
DB08820,BE0000925,P02763,OMD 1
DB08820,BE0000925,P02763,Orosomucoid-1
DB08828,BE0000925,P02763,AGP 1
DB08828,BE0000925,P02763,AGP1
DB08828,BE0000925,P02763,OMD 1
DB08828,BE0000925,P02763,Orosomucoid-1
DB08860,BE0000925,P02763,AGP 1
DB08860,BE0000925,P02763,AGP1
DB08860,BE0000925,P02763,OMD 1
DB08860,BE0000925,P02763,Orosomucoid-1
DB08865,BE0004879,P02763,AGP 1
DB08865,BE0004879,P02763,AGP1
DB08865,BE0004879,P02763,OMD 1
DB08865,BE0004879,P02763,Orosomucoid-1
DB08865,BE0004879,P19652,AGP 2
DB08865,BE0004879,P19652,AGP2
DB08865,BE0004879,P19652,OMD 2
DB08865,BE0004879,P19652,Orosomucoid-2
DB08867,BE0000925,P02763,AGP 1
DB08867,BE0000925,P02763,AGP1
DB08867,BE0000925,P02763,OMD 1
DB08867,BE0000925,P02763,Orosomucoid-1
DB08881,BE0000925,P02763,AGP 1
DB08881,BE0000925,P02763,AGP1
DB08881,BE0000925,P02763,OMD 1
DB08881,BE0000925,P02763,Orosomucoid-1
DB08893,BE0000925,P02763,AGP 1
DB08893,BE0000925,P02763,AGP1
DB08893,BE0000925,P02763,OMD 1
DB08893,BE0000925,P02763,Orosomucoid-1
DB08903,BE0000925,P02763,AGP 1
DB08903,BE0000925,P02763,AGP1
DB08903,BE0000925,P02763,OMD 1
DB08903,BE0000925,P02763,Orosomucoid-1
DB08906,BE0000209,P08185,CBG
DB08906,BE0000209,P08185,Serpin A6
DB08906,BE0000209,P08185,Transcortin
DB08906,BE0000925,P02763,AGP 1
DB08906,BE0000925,P02763,AGP1
DB08906,BE0000925,P02763,OMD 1
DB08906,BE0000925,P02763,Orosomucoid-1
DB08907,BE0000925,P02763,AGP 1
DB08907,BE0000925,P02763,AGP1
DB08907,BE0000925,P02763,OMD 1
DB08907,BE0000925,P02763,Orosomucoid-1
DB08930,BE0004879,P02763,AGP 1
DB08930,BE0004879,P02763,AGP1
DB08930,BE0004879,P02763,OMD 1
DB08930,BE0004879,P02763,Orosomucoid-1
DB08930,BE0004879,P19652,AGP 2
DB08930,BE0004879,P19652,AGP2
DB08930,BE0004879,P19652,OMD 2
DB08930,BE0004879,P19652,Orosomucoid-2
DB08931,BE0000925,P02763,AGP 1
DB08931,BE0000925,P02763,AGP1
DB08931,BE0000925,P02763,OMD 1
DB08931,BE0000925,P02763,Orosomucoid-1
DB08932,BE0004879,P02763,AGP 1
DB08932,BE0004879,P02763,AGP1
DB08932,BE0004879,P02763,OMD 1
DB08932,BE0004879,P02763,Orosomucoid-1
DB08932,BE0004879,P19652,AGP 2
DB08932,BE0004879,P19652,AGP2
DB08932,BE0004879,P19652,OMD 2
DB08932,BE0004879,P19652,Orosomucoid-2
DB08984,BE0000537,P05543,Serpin A7
DB08984,BE0000537,P05543,T4-binding globulin
DB08984,BE0000537,P05543,TBG
DB09053,BE0004879,P02763,AGP 1
DB09053,BE0004879,P02763,AGP1
DB09053,BE0004879,P02763,OMD 1
DB09053,BE0004879,P02763,Orosomucoid-1
DB09053,BE0004879,P19652,AGP 2
DB09053,BE0004879,P19652,AGP2
DB09053,BE0004879,P19652,OMD 2
DB09053,BE0004879,P19652,Orosomucoid-2
DB09074,BE0000925,P02763,AGP 1
DB09074,BE0000925,P02763,AGP1
DB09074,BE0000925,P02763,OMD 1
DB09074,BE0000925,P02763,Orosomucoid-1
DB09076,BE0000925,P02763,AGP 1
DB09076,BE0000925,P02763,AGP1
DB09076,BE0000925,P02763,OMD 1
DB09076,BE0000925,P02763,Orosomucoid-1
DB09100,BE0000337,P02766,ATTR
DB09100,BE0000337,P02766,PALB
DB09100,BE0000337,P02766,Prealbumin
DB09100,BE0000337,P02766,TBPA
DB09100,BE0000537,P05543,Serpin A7
DB09100,BE0000537,P05543,T4-binding globulin
DB09100,BE0000537,P05543,TBG
DB09124,BE0000685,P04278,ABP
DB09124,BE0000685,P04278,SBP
DB09124,BE0000685,P04278,Sex steroid-binding protein
DB09124,BE0000685,P04278,SHBG
DB09124,BE0000685,P04278,TeBG
DB09124,BE0000685,P04278,Testis-specific androgen-binding protein
DB09124,BE0000685,P04278,Testosterone-estradiol-binding globulin
DB09124,BE0000685,P04278,Testosterone-estrogen-binding globulin
DB09124,BE0000209,P08185,CBG
DB09124,BE0000209,P08185,Serpin A6
DB09124,BE0000209,P08185,Transcortin
DB09128,BE0000925,P02763,AGP 1
DB09128,BE0000925,P02763,AGP1
DB09128,BE0000925,P02763,OMD 1
DB09128,BE0000925,P02763,Orosomucoid-1
DB09130,BE0000910,P01023,Alpha-2-M
DB09130,BE0000910,P01023,C3 and PZP-like alpha-2-macroglobulin domain-containing protein 5
DB09130,BE0000910,P01023,CPAMD5
DB09130,BE0001140,P00450,Cuproxidase ceruloplasmin
DB09130,BE0001140,P00450,Ferroxidase ceruloplasmin
DB09130,BE0001140,P00450,Glutathione peroxidase ceruloplasmin
DB09130,BE0001140,P00450,Glutathione-dependent peroxiredoxin ceruloplasmin
DB09130,BE0002833,O00244,HAH1
DB09130,BE0002833,O00244,Metal transport protein ATX1
DB09130,BE0005815,O14618,Superoxide dismutase copper chaperone
DB09130,BE0008687,Q9BQS7,1.16.3.1
DB09130,BE0008687,Q9BQS7,Hp
DB09130,BE0008687,Q9BQS7,KIAA0698
DB09130,BE0000041,P12259,Activated protein C cofactor
DB09130,BE0000041,P12259,"Proaccelerin, labile factor"
DB09130,BE0000016,P00451,AHF
DB09130,BE0000016,P00451,Antihemophilic factor
DB09130,BE0000016,P00451,F8C
DB09130,BE0000016,P00451,Procoagulant component
DB09130,BE0008688,Q14872,MRE-binding transcription factor
DB09130,BE0008688,Q14872,Transcription factor MTF-1
DB09130,BE0008688,P04731,Metallothionein-IA
DB09130,BE0008688,P04731,MT-1A
DB09130,BE0008688,P04731,MT-IA
DB09130,BE0008688,P04731,MT1S
DB09130,BE0008688,P07438,Metallothionein-IB
DB09130,BE0008688,P07438,MT-1B
DB09130,BE0008688,P07438,MT-IB
DB09130,BE0008688,P07438,MT1Q
DB09130,BE0008688,P04732,Metallothionein-IE
DB09130,BE0008688,P04732,MT-1E
DB09130,BE0008688,P04732,MT-IE
DB09130,BE0008688,P04733,Metallothionein-IF
DB09130,BE0008688,P04733,MT-1F
DB09130,BE0008688,P04733,MT-IF
DB09130,BE0008688,P13640,Metallothionein-1K
DB09130,BE0008688,P13640,Metallothionein-IG
DB09130,BE0008688,P13640,MT-1G
DB09130,BE0008688,P13640,MT-1K
DB09130,BE0008688,P13640,MT-IG
DB09130,BE0008688,P13640,MT1K
DB09130,BE0008688,P13640,MT1M
DB09130,BE0008688,P80294,Metallothionein-0
DB09130,BE0008688,P80294,Metallothionein-IH
DB09130,BE0008688,P80294,MT-0
DB09130,BE0008688,P80294,MT-1H
DB09130,BE0008688,P80294,MT-IH
DB09130,BE0008688,Q93083,Metallothionein-IL
DB09130,BE0008688,Q93083,MT-1L
DB09130,BE0008688,Q93083,MT-IL
DB09130,BE0008688,Q8N339,Metallothionein-IM
DB09130,BE0008688,Q8N339,MT-1M
DB09130,BE0008688,Q8N339,MT-IM
DB09130,BE0008688,Q8N339,MT1K
DB09130,BE0008688,P80297,Metallothionein-IX
DB09130,BE0008688,P80297,MT-1X
DB09130,BE0008688,P80297,MT-IX
DB09130,BE0008688,P02795,CES1
DB09130,BE0008688,P02795,Metallothionein-2A
DB09130,BE0008688,P02795,Metallothionein-II
DB09130,BE0008688,P02795,MT-2
DB09130,BE0008688,P02795,MT-II
DB09130,BE0008688,P02795,MT2
DB09130,BE0008688,P25713,GIF
DB09130,BE0008688,P25713,GIFB
DB09130,BE0008688,P25713,Growth inhibitory factor
DB09130,BE0008688,P25713,Metallothionein-III
DB09130,BE0008688,P25713,MT-3
DB09130,BE0008688,P25713,MT-III
DB09130,BE0008688,P47944,Metallothionein-IV
DB09130,BE0008688,P47944,MT-4
DB09130,BE0008688,P47944,MT-IV
DB09130,BE0008688,A1L3X4,MTM
DB09130,BE0008688,Q9Y4I5,"Metallothionein-like 5, testis-specific"
DB09130,BE0008688,Q9Y4I5,MTL5
DB09130,BE0008688,Q9Y4I5,Testis-specific metallothionein-like protein
DB09140,BE0000629,P68871,Beta-globin
DB09140,BE0000629,P68871,Hemoglobin beta chain
DB09140,BE0000130,P69905,Alpha-globin
DB09140,BE0000130,P69905,Hemoglobin alpha chain
DB09160,BE0001032,P08183,ATP-binding cassette sub-family B member 1
DB09160,BE0001032,P08183,MDR1
DB09160,BE0001032,P08183,Multidrug resistance protein 1
DB09160,BE0001032,P08183,P-glycoprotein 1
DB09160,BE0001032,P08183,PGY1
DB09160,BE0001032,P08183,Phospholipid transporter ABCB1
DB09204,BE0000925,P02763,AGP 1
DB09204,BE0000925,P02763,AGP1
DB09204,BE0000925,P02763,OMD 1
DB09204,BE0000925,P02763,Orosomucoid-1
DB09229,BE0000925,P02763,AGP 1
DB09229,BE0000925,P02763,AGP1
DB09229,BE0000925,P02763,OMD 1
DB09229,BE0000925,P02763,Orosomucoid-1
DB09236,BE0000925,P02763,AGP 1
DB09236,BE0000925,P02763,AGP1
DB09236,BE0000925,P02763,OMD 1
DB09236,BE0000925,P02763,Orosomucoid-1
DB09256,BE0000537,P05543,Serpin A7
DB09256,BE0000537,P05543,T4-binding globulin
DB09256,BE0000537,P05543,TBG
DB09262,BE0004879,P02763,AGP 1
DB09262,BE0004879,P02763,AGP1
DB09262,BE0004879,P02763,OMD 1
DB09262,BE0004879,P02763,Orosomucoid-1
DB09262,BE0004879,P19652,AGP 2
DB09262,BE0004879,P19652,AGP2
DB09262,BE0004879,P19652,OMD 2
DB09262,BE0004879,P19652,Orosomucoid-2
DB09270,BE0000499,P01130,LDL receptor
DB09270,BE0004020,P98155,VLDL receptor
DB09270,BE0004020,P98155,VLDL-R
DB09317,BE0000537,P05543,Serpin A7
DB09317,BE0000537,P05543,T4-binding globulin
DB09317,BE0000537,P05543,TBG
DB09318,BE0000537,P05543,Serpin A7
DB09318,BE0000537,P05543,T4-binding globulin
DB09318,BE0000537,P05543,TBG
DB09329,BE0001043,P04275,F8VWF
DB09329,BE0001043,P04275,vWF
DB09381,BE0000537,P05543,Serpin A7
DB09381,BE0000537,P05543,T4-binding globulin
DB09381,BE0000537,P05543,TBG
DB09555,BE0003648,O15245,hOCT1
DB09555,BE0003648,O15245,OCT1
DB09555,BE0003648,O15245,Organic cation transporter 1
DB09555,BE0003647,O15244,hOCT2
DB09555,BE0003647,O15244,OCT2
DB09555,BE0003647,O15244,Organic cation transporter 2
DB09568,BE0000935,Q9UKL6,PC-TP
DB09568,BE0000935,Q9UKL6,StAR-related lipid transfer protein 2
DB09568,BE0000935,Q9UKL6,STARD2
DB09568,BE0000935,Q9UKL6,START domain-containing protein 2
DB09568,BE0001179,P30086,HCNPpp
DB09568,BE0001179,P30086,Neuropolypeptide h3
DB09568,BE0001179,P30086,PBP
DB09568,BE0001179,P30086,PEBP
DB09568,BE0001179,P30086,PEBP-1
DB09568,BE0001179,P30086,Prostatic-binding protein
DB09568,BE0001179,P30086,Raf kinase inhibitor protein
DB09568,BE0001179,P30086,RKIP
DB11093,BE0008690,P05937,CAB27
DB11093,BE0008690,P05937,Calbindin D28
DB11093,BE0008690,P05937,D-28K
DB11093,BE0008690,P05937,"Vitamin D-dependent calcium-binding protein, avian-type"
DB11093,BE0004083,P29377,CABP
DB11093,BE0004083,P29377,CABP9K
DB11093,BE0004083,P29377,CALB3
DB11093,BE0004083,P29377,Calbindin-D9k
DB11093,BE0004083,P29377,S100 calcium-binding protein G
DB11093,BE0004083,P29377,S100D
DB11093,BE0004083,P29377,"Vitamin D-dependent calcium-binding protein, intestinal"
DB11100,BE0000537,P05543,Serpin A7
DB11100,BE0000537,P05543,T4-binding globulin
DB11100,BE0000537,P05543,TBG
DB11134,BE0001140,P00450,Cuproxidase ceruloplasmin
DB11134,BE0001140,P00450,Ferroxidase ceruloplasmin
DB11134,BE0001140,P00450,Glutathione peroxidase ceruloplasmin
DB11134,BE0001140,P00450,Glutathione-dependent peroxiredoxin ceruloplasmin
DB11136,BE0000510,P02787,Beta-1 metal-binding globulin
DB11136,BE0000510,P02787,Siderophilin
DB11136,BE0000510,P02787,Transferrin
DB11148,BE0000925,P02763,AGP 1
DB11148,BE0000925,P02763,AGP1
DB11148,BE0000925,P02763,OMD 1
DB11148,BE0000925,P02763,Orosomucoid-1
DB11182,BE0000994,P02788,3.4.21.-
DB11182,BE0000994,P02788,GIG12
DB11182,BE0000994,P02788,Growth-inhibiting protein 12
DB11182,BE0000994,P02788,Lactoferrin
DB11182,BE0000994,P02788,LF
DB11182,BE0000994,P02788,Talalactoferrin
DB11182,BE0000510,P02787,Beta-1 metal-binding globulin
DB11182,BE0000510,P02787,Siderophilin
DB11182,BE0000510,P02787,Transferrin
DB11221,BE0009358,P02773,Alpha-1-fetoprotein
DB11221,BE0009358,P02773,Alpha-fetoglobulin
DB11251,BE0004020,P98155,VLDL receptor
DB11251,BE0004020,P98155,VLDL-R
DB11251,BE0000499,P01130,LDL receptor
DB11348,BE0008690,P05937,CAB27
DB11348,BE0008690,P05937,Calbindin D28
DB11348,BE0008690,P05937,D-28K
DB11348,BE0008690,P05937,"Vitamin D-dependent calcium-binding protein, avian-type"
DB11348,BE0004083,P29377,CABP
DB11348,BE0004083,P29377,CABP9K
DB11348,BE0004083,P29377,CALB3
DB11348,BE0004083,P29377,Calbindin-D9k
DB11348,BE0004083,P29377,S100 calcium-binding protein G
DB11348,BE0004083,P29377,S100D
DB11348,BE0004083,P29377,"Vitamin D-dependent calcium-binding protein, intestinal"
DB11575,BE0000925,P02763,AGP 1
DB11575,BE0000925,P02763,AGP1
DB11575,BE0000925,P02763,OMD 1
DB11575,BE0000925,P02763,Orosomucoid-1
DB11637,BE0000925,P02763,AGP 1
DB11637,BE0000925,P02763,AGP1
DB11637,BE0000925,P02763,OMD 1
DB11637,BE0000925,P02763,Orosomucoid-1
DB11641,BE0004879,P02763,AGP 1
DB11641,BE0004879,P02763,AGP1
DB11641,BE0004879,P02763,OMD 1
DB11641,BE0004879,P02763,Orosomucoid-1
DB11641,BE0004879,P19652,AGP 2
DB11641,BE0004879,P19652,AGP2
DB11641,BE0004879,P19652,OMD 2
DB11641,BE0004879,P19652,Orosomucoid-2
DB11642,BE0000925,P02763,AGP 1
DB11642,BE0000925,P02763,AGP1
DB11642,BE0000925,P02763,OMD 1
DB11642,BE0000925,P02763,Orosomucoid-1
DB11689,BE0004879,P02763,AGP 1
DB11689,BE0004879,P02763,AGP1
DB11689,BE0004879,P02763,OMD 1
DB11689,BE0004879,P02763,Orosomucoid-1
DB11689,BE0004879,P19652,AGP 2
DB11689,BE0004879,P19652,AGP2
DB11689,BE0004879,P19652,OMD 2
DB11689,BE0004879,P19652,Orosomucoid-2
DB11703,BE0004879,P02763,AGP 1
DB11703,BE0004879,P02763,AGP1
DB11703,BE0004879,P02763,OMD 1
DB11703,BE0004879,P02763,Orosomucoid-1
DB11703,BE0004879,P19652,AGP 2
DB11703,BE0004879,P19652,AGP2
DB11703,BE0004879,P19652,OMD 2
DB11703,BE0004879,P19652,Orosomucoid-2
DB11739,BE0000925,P02763,AGP 1
DB11739,BE0000925,P02763,AGP1
DB11739,BE0000925,P02763,OMD 1
DB11739,BE0000925,P02763,Orosomucoid-1
DB11757,BE0004879,P02763,AGP 1
DB11757,BE0004879,P02763,AGP1
DB11757,BE0004879,P02763,OMD 1
DB11757,BE0004879,P02763,Orosomucoid-1
DB11757,BE0004879,P19652,AGP 2
DB11757,BE0004879,P19652,AGP2
DB11757,BE0004879,P19652,OMD 2
DB11757,BE0004879,P19652,Orosomucoid-2
DB11828,BE0004879,P02763,AGP 1
DB11828,BE0004879,P02763,AGP1
DB11828,BE0004879,P02763,OMD 1
DB11828,BE0004879,P02763,Orosomucoid-1
DB11828,BE0004879,P19652,AGP 2
DB11828,BE0004879,P19652,AGP2
DB11828,BE0004879,P19652,OMD 2
DB11828,BE0004879,P19652,Orosomucoid-2
DB11853,BE0000925,P02763,AGP 1
DB11853,BE0000925,P02763,AGP1
DB11853,BE0000925,P02763,OMD 1
DB11853,BE0000925,P02763,Orosomucoid-1
DB11886,BE0010065,P02647,Apo-AI
DB11886,BE0010065,P02647,ApoA-I
DB11886,BE0010065,P02647,Apolipoprotein A1
DB11886,BE0010065,P02652,Apo-AII
DB11886,BE0010065,P02652,ApoA-II
DB11886,BE0010065,P02652,Apolipoprotein A2
DB11886,BE0010065,P06727,Apo-AIV
DB11886,BE0010065,P06727,ApoA-IV
DB11886,BE0010065,P06727,Apolipoprotein A4
DB11886,BE0010065,P04114,Apo B-100
DB11886,BE0010065,P02655,APC2
DB11886,BE0010065,P02655,Apo-CII
DB11886,BE0010065,P02655,ApoC-II
DB11886,BE0010065,P02655,Apolipoprotein C2
DB11886,BE0010065,P02656,Apo-CIII
DB11886,BE0010065,P02656,ApoC-III
DB11886,BE0010065,P02656,Apolipoprotein C3
DB11886,BE0010065,P05090,Apo-D
DB11886,BE0010065,P05090,ApoD
DB11886,BE0010065,P02649,Apo-E
DB11886,BE0010065,O14791,Apo-L
DB11886,BE0010065,O14791,APOL
DB11886,BE0010065,O14791,ApoL-I
DB11886,BE0010065,O14791,Apolipoprotein L
DB11886,BE0010065,O14791,Apolipoprotein L-I
DB11886,BE0010065,O95445,Apo-M
DB11886,BE0010065,O95445,ApoM
DB11886,BE0010065,O95445,G3A
DB11886,BE0010065,O95445,NG20
DB11886,BE0010065,O95445,Protein G3a
DB11886,BE0010065,P08519,3.4.21.-
DB11886,BE0010065,P08519,Apo(a)
DB11886,BE0010065,P08519,Lp(a)
DB11978,BE0004879,P02763,AGP 1
DB11978,BE0004879,P02763,AGP1
DB11978,BE0004879,P02763,OMD 1
DB11978,BE0004879,P02763,Orosomucoid-1
DB11978,BE0004879,P19652,AGP 2
DB11978,BE0004879,P19652,AGP2
DB11978,BE0004879,P19652,OMD 2
DB11978,BE0004879,P19652,Orosomucoid-2
DB12001,BE0004879,P02763,AGP 1
DB12001,BE0004879,P02763,AGP1
DB12001,BE0004879,P02763,OMD 1
DB12001,BE0004879,P02763,Orosomucoid-1
DB12001,BE0004879,P19652,AGP 2
DB12001,BE0004879,P19652,AGP2
DB12001,BE0004879,P19652,OMD 2
DB12001,BE0004879,P19652,Orosomucoid-2
DB12005,BE0004879,P02763,AGP 1
DB12005,BE0004879,P02763,AGP1
DB12005,BE0004879,P02763,OMD 1
DB12005,BE0004879,P02763,Orosomucoid-1
DB12005,BE0004879,P19652,AGP 2
DB12005,BE0004879,P19652,AGP2
DB12005,BE0004879,P19652,OMD 2
DB12005,BE0004879,P19652,Orosomucoid-2
DB12095,BE0001067,Q9UNQ0,7.6.2.2
DB12095,BE0001067,Q9UNQ0,ABCP
DB12095,BE0001067,Q9UNQ0,ATP-binding cassette sub-family G member 2
DB12095,BE0001067,Q9UNQ0,BCRP
DB12095,BE0001067,Q9UNQ0,BCRP1
DB12095,BE0001067,Q9UNQ0,Breast cancer resistance protein
DB12095,BE0001067,Q9UNQ0,CDw338
DB12095,BE0001067,Q9UNQ0,Mitoxantrone resistance-associated protein
DB12095,BE0001067,Q9UNQ0,MXR
DB12095,BE0001067,Q9UNQ0,Placenta-specific ATP-binding cassette transporter
DB12095,BE0001067,Q9UNQ0,Urate exporter
DB12147,BE0004879,P02763,AGP 1
DB12147,BE0004879,P02763,AGP1
DB12147,BE0004879,P02763,OMD 1
DB12147,BE0004879,P02763,Orosomucoid-1
DB12147,BE0004879,P19652,AGP 2
DB12147,BE0004879,P19652,AGP2
DB12147,BE0004879,P19652,OMD 2
DB12147,BE0004879,P19652,Orosomucoid-2
DB12235,BE0000925,P02763,AGP 1
DB12235,BE0000925,P02763,AGP1
DB12235,BE0000925,P02763,OMD 1
DB12235,BE0000925,P02763,Orosomucoid-1
DB12425,BE0000537,P05543,Serpin A7
DB12425,BE0000537,P05543,T4-binding globulin
DB12425,BE0000537,P05543,TBG
DB12466,BE0004879,P02763,AGP 1
DB12466,BE0004879,P02763,AGP1
DB12466,BE0004879,P02763,OMD 1
DB12466,BE0004879,P02763,Orosomucoid-1
DB12466,BE0004879,P19652,AGP 2
DB12466,BE0004879,P19652,AGP2
DB12466,BE0004879,P19652,OMD 2
DB12466,BE0004879,P19652,Orosomucoid-2
DB12674,BE0000925,P02763,AGP 1
DB12674,BE0000925,P02763,AGP1
DB12674,BE0000925,P02763,OMD 1
DB12674,BE0000925,P02763,Orosomucoid-1
DB12978,BE0000925,P02763,AGP 1
DB12978,BE0000925,P02763,AGP1
DB12978,BE0000925,P02763,OMD 1
DB12978,BE0000925,P02763,Orosomucoid-1
DB13396,BE0000537,P05543,Serpin A7
DB13396,BE0000537,P05543,T4-binding globulin
DB13396,BE0000537,P05543,TBG
DB13751,BE0000438,P17516,1.1.1.-
DB13751,BE0000438,P17516,1.1.1.209
DB13751,BE0000438,P17516,1.1.1.210
DB13751,BE0000438,P17516,1.1.1.51
DB13751,BE0000438,P17516,1.1.1.53
DB13751,BE0000438,P17516,1.1.1.62
DB13751,BE0000438,P17516,3-alpha-HSD1
DB13751,BE0000438,P17516,3-alpha-hydroxysteroid dehydrogenase type I
DB13751,BE0000438,P17516,3alpha-hydroxysteroid 3-dehydrogenase
DB13751,BE0000438,P17516,CDR
DB13751,BE0000438,P17516,CHDR
DB13751,BE0000438,P17516,Chlordecone reductase
DB13751,BE0000438,P17516,DD-4
DB13751,BE0000438,P17516,DD4
DB13751,BE0000438,P17516,Dihydrodiol dehydrogenase 4
DB13751,BE0000438,P17516,HAKRA
DB13751,BE0000592,P42330,1.1.1.-
DB13751,BE0000592,P42330,1.1.1.210
DB13751,BE0000592,P42330,1.1.1.53
DB13751,BE0000592,P42330,1.1.1.62
DB13751,BE0000592,P42330,17-beta-HSD 5
DB13751,BE0000592,P42330,17-beta-hydroxysteroid dehydrogenase type 5
DB13751,BE0000592,P42330,3-alpha-HSD type 2
DB13751,BE0000592,P42330,"3-alpha-HSD type II, brain"
DB13751,BE0000592,P42330,3-alpha-hydroxysteroid dehydrogenase type 2
DB13751,BE0000592,P42330,Chlordecone reductase homolog HAKRb
DB13751,BE0000592,P42330,DD-3
DB13751,BE0000592,P42330,DD3
DB13751,BE0000592,P42330,DDH1
DB13751,BE0000592,P42330,Dihydrodiol dehydrogenase 3
DB13751,BE0000592,P42330,Dihydrodiol dehydrogenase type I
DB13751,BE0000592,P42330,HA1753
DB13751,BE0000592,P42330,HSD17B5
DB13751,BE0000592,P42330,KIAA0119
DB13751,BE0000592,P42330,PGFS
DB13751,BE0000592,P42330,Prostaglandin F synthase
DB13751,BE0000592,P42330,Testosterone 17-beta-dehydrogenase 5
DB13751,BE0000622,P52895,1.-.-.-
DB13751,BE0000622,P52895,1.1.1.112
DB13751,BE0000622,P52895,1.1.1.209
DB13751,BE0000622,P52895,1.1.1.53
DB13751,BE0000622,P52895,1.1.1.62
DB13751,BE0000622,P52895,1.3.1.20
DB13751,BE0000622,P52895,3-alpha-HSD3
DB13751,BE0000622,P52895,Chlordecone reductase homolog HAKRD
DB13751,BE0000622,P52895,DD-2
DB13751,BE0000622,P52895,DD/BABP
DB13751,BE0000622,P52895,DD2
DB13751,BE0000622,P52895,DDH2
DB13751,BE0000622,P52895,Dihydrodiol dehydrogenase 2
DB13751,BE0000622,P52895,Dihydrodiol dehydrogenase/bile acid-binding protein
DB13751,BE0000622,P52895,Type III 3-alpha-hydroxysteroid dehydrogenase
DB13867,BE0000209,P08185,CBG
DB13867,BE0000209,P08185,Serpin A6
DB13867,BE0000209,P08185,Transcortin
DB13867,BE0001032,P08183,ATP-binding cassette sub-family B member 1
DB13867,BE0001032,P08183,MDR1
DB13867,BE0001032,P08183,Multidrug resistance protein 1
DB13867,BE0001032,P08183,P-glycoprotein 1
DB13867,BE0001032,P08183,PGY1
DB13867,BE0001032,P08183,Phospholipid transporter ABCB1
DB13867,BE0001004,Q9Y6L6,Liver-specific organic anion transporter 1
DB13867,BE0001004,Q9Y6L6,LST-1
DB13867,BE0001004,Q9Y6L6,LST1
DB13867,BE0001004,Q9Y6L6,OATP-2
DB13867,BE0001004,Q9Y6L6,OATP-C
DB13867,BE0001004,Q9Y6L6,OATP1B1
DB13867,BE0001004,Q9Y6L6,OATP2
DB13867,BE0001004,Q9Y6L6,OATPC
DB13867,BE0001004,Q9Y6L6,Organic anion transporter SLC21A6
DB13867,BE0001004,Q9Y6L6,SLC21A6
DB13867,BE0001004,Q9Y6L6,SLCO1B1
DB13867,BE0001004,Q9Y6L6,Sodium-independent organic anion-transporting polypeptide 2
DB13867,BE0001004,Q9Y6L6,Solute carrier family 21 member 6
DB13943,BE0000685,P04278,ABP
DB13943,BE0000685,P04278,SBP
DB13943,BE0000685,P04278,Sex steroid-binding protein
DB13943,BE0000685,P04278,SHBG
DB13943,BE0000685,P04278,TeBG
DB13943,BE0000685,P04278,Testis-specific androgen-binding protein
DB13943,BE0000685,P04278,Testosterone-estradiol-binding globulin
DB13943,BE0000685,P04278,Testosterone-estrogen-binding globulin
DB13944,BE0000685,P04278,ABP
DB13944,BE0000685,P04278,SBP
DB13944,BE0000685,P04278,Sex steroid-binding protein
DB13944,BE0000685,P04278,SHBG
DB13944,BE0000685,P04278,TeBG
DB13944,BE0000685,P04278,Testis-specific androgen-binding protein
DB13944,BE0000685,P04278,Testosterone-estradiol-binding globulin
DB13944,BE0000685,P04278,Testosterone-estrogen-binding globulin
DB13946,BE0000685,P04278,ABP
DB13946,BE0000685,P04278,SBP
DB13946,BE0000685,P04278,Sex steroid-binding protein
DB13946,BE0000685,P04278,SHBG
DB13946,BE0000685,P04278,TeBG
DB13946,BE0000685,P04278,Testis-specific androgen-binding protein
DB13946,BE0000685,P04278,Testosterone-estradiol-binding globulin
DB13946,BE0000685,P04278,Testosterone-estrogen-binding globulin
DB13949,BE0000510,P02787,Beta-1 metal-binding globulin
DB13949,BE0000510,P02787,Siderophilin
DB13949,BE0000510,P02787,Transferrin
DB13949,BE0001155,P05106,GP3A
DB13949,BE0001155,P05106,GPIIIa
DB13949,BE0001155,P05106,Platelet membrane glycoprotein IIIa
DB13949,BE0002109,P27797,Calregulin
DB13949,BE0002109,P27797,CRP55
DB13949,BE0002109,P27797,CRTC
DB13949,BE0002109,P27797,Endoplasmic reticulum resident protein 60
DB13949,BE0002109,P27797,ERp60
DB13949,BE0002109,P27797,grp60
DB13949,BE0002109,P27797,HACBP
DB13951,BE0000685,P04278,ABP
DB13951,BE0000685,P04278,SBP
DB13951,BE0000685,P04278,Sex steroid-binding protein
DB13951,BE0000685,P04278,SHBG
DB13951,BE0000685,P04278,TeBG
DB13951,BE0000685,P04278,Testis-specific androgen-binding protein
DB13951,BE0000685,P04278,Testosterone-estradiol-binding globulin
DB13951,BE0000685,P04278,Testosterone-estrogen-binding globulin
DB13952,BE0000685,P04278,ABP
DB13952,BE0000685,P04278,SBP
DB13952,BE0000685,P04278,Sex steroid-binding protein
DB13952,BE0000685,P04278,SHBG
DB13952,BE0000685,P04278,TeBG
DB13952,BE0000685,P04278,Testis-specific androgen-binding protein
DB13952,BE0000685,P04278,Testosterone-estradiol-binding globulin
DB13952,BE0000685,P04278,Testosterone-estrogen-binding globulin
DB13952,BE0003591,P12104,FABPI
DB13952,BE0003591,P12104,Fatty acid-binding protein 2
DB13952,BE0003591,P12104,I-FABP
DB13952,BE0003591,P12104,Intestinal-type fatty acid-binding protein
DB13953,BE0000685,P04278,ABP
DB13953,BE0000685,P04278,SBP
DB13953,BE0000685,P04278,Sex steroid-binding protein
DB13953,BE0000685,P04278,SHBG
DB13953,BE0000685,P04278,TeBG
DB13953,BE0000685,P04278,Testis-specific androgen-binding protein
DB13953,BE0000685,P04278,Testosterone-estradiol-binding globulin
DB13953,BE0000685,P04278,Testosterone-estrogen-binding globulin
DB13953,BE0003591,P12104,FABPI
DB13953,BE0003591,P12104,Fatty acid-binding protein 2
DB13953,BE0003591,P12104,I-FABP
DB13953,BE0003591,P12104,Intestinal-type fatty acid-binding protein
DB13954,BE0000685,P04278,ABP
DB13954,BE0000685,P04278,SBP
DB13954,BE0000685,P04278,Sex steroid-binding protein
DB13954,BE0000685,P04278,SHBG
DB13954,BE0000685,P04278,TeBG
DB13954,BE0000685,P04278,Testis-specific androgen-binding protein
DB13954,BE0000685,P04278,Testosterone-estradiol-binding globulin
DB13954,BE0000685,P04278,Testosterone-estrogen-binding globulin
DB13954,BE0003591,P12104,FABPI
DB13954,BE0003591,P12104,Fatty acid-binding protein 2
DB13954,BE0003591,P12104,I-FABP
DB13954,BE0003591,P12104,Intestinal-type fatty acid-binding protein
DB13955,BE0000685,P04278,ABP
DB13955,BE0000685,P04278,SBP
DB13955,BE0000685,P04278,Sex steroid-binding protein
DB13955,BE0000685,P04278,SHBG
DB13955,BE0000685,P04278,TeBG
DB13955,BE0000685,P04278,Testis-specific androgen-binding protein
DB13955,BE0000685,P04278,Testosterone-estradiol-binding globulin
DB13955,BE0000685,P04278,Testosterone-estrogen-binding globulin
DB13955,BE0003591,P12104,FABPI
DB13955,BE0003591,P12104,Fatty acid-binding protein 2
DB13955,BE0003591,P12104,I-FABP
DB13955,BE0003591,P12104,Intestinal-type fatty acid-binding protein
DB13956,BE0000685,P04278,ABP
DB13956,BE0000685,P04278,SBP
DB13956,BE0000685,P04278,Sex steroid-binding protein
DB13956,BE0000685,P04278,SHBG
DB13956,BE0000685,P04278,TeBG
DB13956,BE0000685,P04278,Testis-specific androgen-binding protein
DB13956,BE0000685,P04278,Testosterone-estradiol-binding globulin
DB13956,BE0000685,P04278,Testosterone-estrogen-binding globulin
DB13956,BE0003591,P12104,FABPI
DB13956,BE0003591,P12104,Fatty acid-binding protein 2
DB13956,BE0003591,P12104,I-FABP
DB13956,BE0003591,P12104,Intestinal-type fatty acid-binding protein
DB14001,BE0000643,P49638,Alpha-TTP
DB14001,BE0000643,P49638,TPP1
DB14002,BE0000643,P49638,Alpha-TTP
DB14002,BE0000643,P49638,TPP1
DB14003,BE0004020,P98155,VLDL receptor
DB14003,BE0004020,P98155,VLDL-R
DB14003,BE0000499,P01130,LDL receptor
DB14007,BE0000952,P01009,AAT
DB14007,BE0000952,P01009,Alpha-1 protease inhibitor
DB14007,BE0000952,P01009,Alpha-1-antiproteinase
DB14007,BE0000952,P01009,PI
DB14007,BE0000952,P01009,Serpin A1
DB14481,BE0008690,P05937,CAB27
DB14481,BE0008690,P05937,Calbindin D28
DB14481,BE0008690,P05937,D-28K
DB14481,BE0008690,P05937,"Vitamin D-dependent calcium-binding protein, avian-type"
DB14481,BE0004083,P29377,CABP
DB14481,BE0004083,P29377,CABP9K
DB14481,BE0004083,P29377,CALB3
DB14481,BE0004083,P29377,Calbindin-D9k
DB14481,BE0004083,P29377,S100 calcium-binding protein G
DB14481,BE0004083,P29377,S100D
DB14481,BE0004083,P29377,"Vitamin D-dependent calcium-binding protein, intestinal"
DB14520,BE0000510,P02787,Beta-1 metal-binding globulin
DB14520,BE0000510,P02787,Siderophilin
DB14520,BE0000510,P02787,Transferrin
DB14520,BE0001155,P05106,GP3A
DB14520,BE0001155,P05106,GPIIIa
DB14520,BE0001155,P05106,Platelet membrane glycoprotein IIIa
DB14520,BE0002109,P27797,Calregulin
DB14520,BE0002109,P27797,CRP55
DB14520,BE0002109,P27797,CRTC
DB14520,BE0002109,P27797,Endoplasmic reticulum resident protein 60
DB14520,BE0002109,P27797,ERp60
DB14520,BE0002109,P27797,grp60
DB14520,BE0002109,P27797,HACBP
DB14526,BE0000510,P02787,Beta-1 metal-binding globulin
DB14526,BE0000510,P02787,Siderophilin
DB14526,BE0000510,P02787,Transferrin
DB14527,BE0000510,P02787,Beta-1 metal-binding globulin
DB14527,BE0000510,P02787,Siderophilin
DB14527,BE0000510,P02787,Transferrin
DB14528,BE0000510,P02787,Beta-1 metal-binding globulin
DB14528,BE0000510,P02787,Siderophilin
DB14528,BE0000510,P02787,Transferrin
DB14529,BE0000510,P02787,Beta-1 metal-binding globulin
DB14529,BE0000510,P02787,Siderophilin
DB14529,BE0000510,P02787,Transferrin
DB14530,BE0000510,P02787,Beta-1 metal-binding globulin
DB14530,BE0000510,P02787,Siderophilin
DB14530,BE0000510,P02787,Transferrin
DB14538,BE0000685,P04278,ABP
DB14538,BE0000685,P04278,SBP
DB14538,BE0000685,P04278,Sex steroid-binding protein
DB14538,BE0000685,P04278,SHBG
DB14538,BE0000685,P04278,TeBG
DB14538,BE0000685,P04278,Testis-specific androgen-binding protein
DB14538,BE0000685,P04278,Testosterone-estradiol-binding globulin
DB14538,BE0000685,P04278,Testosterone-estrogen-binding globulin
DB14538,BE0000209,P08185,CBG
DB14538,BE0000209,P08185,Serpin A6
DB14538,BE0000209,P08185,Transcortin
DB14539,BE0000685,P04278,ABP
DB14539,BE0000685,P04278,SBP
DB14539,BE0000685,P04278,Sex steroid-binding protein
DB14539,BE0000685,P04278,SHBG
DB14539,BE0000685,P04278,TeBG
DB14539,BE0000685,P04278,Testis-specific androgen-binding protein
DB14539,BE0000685,P04278,Testosterone-estradiol-binding globulin
DB14539,BE0000685,P04278,Testosterone-estrogen-binding globulin
DB14539,BE0000209,P08185,CBG
DB14539,BE0000209,P08185,Serpin A6
DB14539,BE0000209,P08185,Transcortin
DB14540,BE0000685,P04278,ABP
DB14540,BE0000685,P04278,SBP
DB14540,BE0000685,P04278,Sex steroid-binding protein
DB14540,BE0000685,P04278,SHBG
DB14540,BE0000685,P04278,TeBG
DB14540,BE0000685,P04278,Testis-specific androgen-binding protein
DB14540,BE0000685,P04278,Testosterone-estradiol-binding globulin
DB14540,BE0000685,P04278,Testosterone-estrogen-binding globulin
DB14540,BE0000209,P08185,CBG
DB14540,BE0000209,P08185,Serpin A6
DB14540,BE0000209,P08185,Transcortin
DB14541,BE0000685,P04278,ABP
DB14541,BE0000685,P04278,SBP
DB14541,BE0000685,P04278,Sex steroid-binding protein
DB14541,BE0000685,P04278,SHBG
DB14541,BE0000685,P04278,TeBG
DB14541,BE0000685,P04278,Testis-specific androgen-binding protein
DB14541,BE0000685,P04278,Testosterone-estradiol-binding globulin
DB14541,BE0000685,P04278,Testosterone-estrogen-binding globulin
DB14541,BE0000209,P08185,CBG
DB14541,BE0000209,P08185,Serpin A6
DB14541,BE0000209,P08185,Transcortin
DB14542,BE0000685,P04278,ABP
DB14542,BE0000685,P04278,SBP
DB14542,BE0000685,P04278,Sex steroid-binding protein
DB14542,BE0000685,P04278,SHBG
DB14542,BE0000685,P04278,TeBG
DB14542,BE0000685,P04278,Testis-specific androgen-binding protein
DB14542,BE0000685,P04278,Testosterone-estradiol-binding globulin
DB14542,BE0000685,P04278,Testosterone-estrogen-binding globulin
DB14542,BE0000209,P08185,CBG
DB14542,BE0000209,P08185,Serpin A6
DB14542,BE0000209,P08185,Transcortin
DB14543,BE0000685,P04278,ABP
DB14543,BE0000685,P04278,SBP
DB14543,BE0000685,P04278,Sex steroid-binding protein
DB14543,BE0000685,P04278,SHBG
DB14543,BE0000685,P04278,TeBG
DB14543,BE0000685,P04278,Testis-specific androgen-binding protein
DB14543,BE0000685,P04278,Testosterone-estradiol-binding globulin
DB14543,BE0000685,P04278,Testosterone-estrogen-binding globulin
DB14543,BE0000209,P08185,CBG
DB14543,BE0000209,P08185,Serpin A6
DB14543,BE0000209,P08185,Transcortin
DB14544,BE0000685,P04278,ABP
DB14544,BE0000685,P04278,SBP
DB14544,BE0000685,P04278,Sex steroid-binding protein
DB14544,BE0000685,P04278,SHBG
DB14544,BE0000685,P04278,TeBG
DB14544,BE0000685,P04278,Testis-specific androgen-binding protein
DB14544,BE0000685,P04278,Testosterone-estradiol-binding globulin
DB14544,BE0000685,P04278,Testosterone-estrogen-binding globulin
DB14544,BE0000209,P08185,CBG
DB14544,BE0000209,P08185,Serpin A6
DB14544,BE0000209,P08185,Transcortin
DB14582,BE0004879,P02763,AGP 1
DB14582,BE0004879,P02763,AGP1
DB14582,BE0004879,P02763,OMD 1
DB14582,BE0004879,P02763,Orosomucoid-1
DB14582,BE0004879,P19652,AGP 2
DB14582,BE0004879,P19652,AGP2
DB14582,BE0004879,P19652,OMD 2
DB14582,BE0004879,P19652,Orosomucoid-2
DB14631,BE0000209,P08185,CBG
DB14631,BE0000209,P08185,Serpin A6
DB14631,BE0000209,P08185,Transcortin
DB14669,BE0000209,P08185,CBG
DB14669,BE0000209,P08185,Serpin A6
DB14669,BE0000209,P08185,Transcortin
DB14840,BE0004879,P02763,AGP 1
DB14840,BE0004879,P02763,AGP1
DB14840,BE0004879,P02763,OMD 1
DB14840,BE0004879,P02763,Orosomucoid-1
DB14840,BE0004879,P19652,AGP 2
DB14840,BE0004879,P19652,AGP2
DB14840,BE0004879,P19652,OMD 2
DB14840,BE0004879,P19652,Orosomucoid-2
DB15133,BE0000925,P02763,AGP 1
DB15133,BE0000925,P02763,AGP1
DB15133,BE0000925,P02763,OMD 1
DB15133,BE0000925,P02763,Orosomucoid-1
DB15149,BE0000925,P02763,AGP 1
DB15149,BE0000925,P02763,AGP1
DB15149,BE0000925,P02763,OMD 1
DB15149,BE0000925,P02763,Orosomucoid-1
DB15566,BE0000209,P08185,CBG
DB15566,BE0000209,P08185,Serpin A6
DB15566,BE0000209,P08185,Transcortin
DB15690,BE0000685,P04278,ABP
DB15690,BE0000685,P04278,SBP
DB15690,BE0000685,P04278,Sex steroid-binding protein
DB15690,BE0000685,P04278,SHBG
DB15690,BE0000685,P04278,TeBG
DB15690,BE0000685,P04278,Testis-specific androgen-binding protein
DB15690,BE0000685,P04278,Testosterone-estradiol-binding globulin
DB15690,BE0000685,P04278,Testosterone-estrogen-binding globulin
DB16200,BE0000925,P02763,AGP 1
DB16200,BE0000925,P02763,AGP1
DB16200,BE0000925,P02763,OMD 1
DB16200,BE0000925,P02763,Orosomucoid-1
DB16703,BE0000925,P02763,AGP 1
DB16703,BE0000925,P02763,AGP1
DB16703,BE0000925,P02763,OMD 1
DB16703,BE0000925,P02763,Orosomucoid-1
